

Microchip MPLAB XC8 Assembler V2.40 build 20220703182018 
                                                                                               Fri Jul 18 13:45:45 2025

Microchip MPLAB XC8 C Compiler v2.40 (Free license) build 20220703182018 Og1 
     1                           	processor	12F1572
     2                           	pagewidth 120
     3                           	opt	flic
     4                           	psect	idataBANK0,global,class=CODE,delta=2,noexec
     5                           	psect	nvBANK0,global,class=BANK0,space=1,delta=1,noexec
     6                           	psect	cinit,global,class=CODE,merge=1,delta=2
     7                           	psect	bssBANK0,global,class=BANK0,space=1,delta=1,noexec
     8                           	psect	dataBANK0,global,class=BANK0,space=1,delta=1,noexec
     9                           	psect	cstackCOMMON,global,class=COMMON,space=1,delta=1,noexec
    10                           	psect	cstackBANK0,global,class=BANK0,space=1,delta=1,noexec
    11                           	psect	maintext,global,class=CODE,merge=1,split=1,delta=2
    12                           	psect	text1,local,class=CODE,merge=1,delta=2
    13                           	psect	text2,local,class=CODE,merge=1,delta=2
    14                           	psect	text3,local,class=CODE,merge=1,delta=2
    15                           	psect	text4,local,class=CODE,merge=1,delta=2
    16                           	psect	text5,local,class=CODE,merge=1,delta=2
    17                           	psect	text6,local,class=CODE,merge=1,delta=2
    18                           	psect	text7,local,class=CODE,merge=1,delta=2
    19                           	psect	text8,local,class=CODE,merge=1,delta=2
    20                           	psect	text9,local,class=CODE,merge=1,delta=2
    21                           	psect	text10,local,class=CODE,merge=1,delta=2
    22                           	psect	text11,local,class=CODE,merge=1,delta=2
    23                           	psect	text12,local,class=CODE,merge=1,delta=2
    24                           	psect	text13,local,class=CODE,merge=1,delta=2
    25                           	psect	text14,local,class=CODE,merge=1,delta=2
    26                           	psect	text15,local,class=CODE,merge=1,delta=2
    27                           	psect	text16,local,class=CODE,merge=1,delta=2
    28                           	psect	text17,local,class=CODE,merge=1,delta=2
    29                           	psect	text18,local,class=CODE,merge=1,delta=2
    30                           	psect	text19,local,class=CODE,merge=1,delta=2
    31                           	psect	text20,local,class=CODE,merge=1,delta=2
    32                           	psect	intentry,global,class=CODE,delta=2
    33                           	psect	text22,local,class=CODE,merge=1,delta=2
    34                           	psect	idloc,global,abs,ovrld,class=IDLOC,space=5,delta=2,noexec
    35                           	psect	config,global,abs,ovrld,class=CONFIG,space=4,delta=2,noexec
    36                           	dabs	1,0x7E,2
    37     0000                     
    38                           ; Generated 27/03/2025 GMT
    39                           ; 
    40                           ; Copyright © 2025, Microchip Technology Inc. and its subsidiaries ("Microchip")
    41                           ; All rights reserved.
    42                           ; 
    43                           ; This software is developed by Microchip Technology Inc. and its subsidiaries ("Microch
      +                          ip").
    44                           ; 
    45                           ; Redistribution and use in source and binary forms, with or without modification, are
    46                           ; permitted provided that the following conditions are met:
    47                           ; 
    48                           ;     1. Redistributions of source code must retain the above copyright notice, this lis
      +                          t of
    49                           ;        conditions and the following disclaimer.
    50                           ; 
    51                           ;     2. Redistributions in binary form must reproduce the above copyright notice, this 
      +                          list
    52                           ;        of conditions and the following disclaimer in the documentation and/or other
    53                           ;        materials provided with the distribution. Publication is not required when
    54                           ;        this file is used in an embedded application.
    55                           ; 
    56                           ;     3. Microchip's name may not be used to endorse or promote products derived from th
      +                          is
    57                           ;        software without specific prior written permission.
    58                           ; 
    59                           ; THIS SOFTWARE IS PROVIDED BY MICROCHIP "AS IS" AND ANY EXPRESS OR IMPLIED WARRANTIES,
    60                           ; INCLUDING, BUT NOT LIMITED TO, THE IMPLIED WARRANTIES OF MERCHANTABILITY AND FITNESS F
      +                          OR
    61                           ; PURPOSE ARE DISCLAIMED.  IN NO EVENT SHALL MICROCHIP BE LIABLE FOR ANY DIRECT, INDIREC
      +                          T,
    62                           ; INCIDENTAL, SPECIAL, EXEMPLARY, OR CONSEQUENTIAL DAMAGES (INCLUDING BUT NOT LIMITED TO
    63                           ; PROCUREMENT OF SUBSTITUTE GOODS OR SERVICES; LOSS OF USE, DATA OR PROFITS; OR BUSINESS
    64                           ; INTERRUPTION) HOWSOEVER CAUSED AND ON ANY THEORY OF LIABILITY, WHETHER IN CONTRACT, ST
      +                          RICT
    65                           ; LIABILITY, OR TORT (INCLUDING NEGLIGENCE OR OTHERWISE) ARISING IN ANY WAY OUT OF THE U
      +                          SE OF
    66                           ; THIS SOFTWARE, EVEN IF ADVISED OF THE POSSIBILITY OF SUCH DAMAGE.
    67                           ; 
    68                           ; 
    69                           ; Code-generator required, PIC12F1572 Definitions
    70                           ; 
    71                           ; SFR Addresses
    72     0000                     	;# 
    73     0001                     	;# 
    74     0002                     	;# 
    75     0003                     	;# 
    76     0004                     	;# 
    77     0005                     	;# 
    78     0006                     	;# 
    79     0007                     	;# 
    80     0008                     	;# 
    81     0009                     	;# 
    82     000A                     	;# 
    83     000B                     	;# 
    84     000C                     	;# 
    85     0011                     	;# 
    86     0012                     	;# 
    87     0013                     	;# 
    88     0015                     	;# 
    89     0016                     	;# 
    90     0016                     	;# 
    91     0017                     	;# 
    92     0018                     	;# 
    93     0019                     	;# 
    94     001A                     	;# 
    95     001B                     	;# 
    96     001C                     	;# 
    97     008C                     	;# 
    98     0091                     	;# 
    99     0092                     	;# 
   100     0093                     	;# 
   101     0095                     	;# 
   102     0096                     	;# 
   103     0097                     	;# 
   104     0098                     	;# 
   105     0099                     	;# 
   106     009A                     	;# 
   107     009B                     	;# 
   108     009B                     	;# 
   109     009C                     	;# 
   110     009D                     	;# 
   111     009E                     	;# 
   112     009F                     	;# 
   113     010C                     	;# 
   114     0111                     	;# 
   115     0112                     	;# 
   116     0115                     	;# 
   117     0116                     	;# 
   118     0117                     	;# 
   119     0118                     	;# 
   120     0119                     	;# 
   121     011D                     	;# 
   122     011D                     	;# 
   123     018C                     	;# 
   124     0191                     	;# 
   125     0191                     	;# 
   126     0192                     	;# 
   127     0193                     	;# 
   128     0193                     	;# 
   129     0194                     	;# 
   130     0195                     	;# 
   131     0196                     	;# 
   132     0197                     	;# 
   133     0199                     	;# 
   134     019A                     	;# 
   135     019B                     	;# 
   136     019B                     	;# 
   137     019C                     	;# 
   138     019D                     	;# 
   139     019E                     	;# 
   140     019F                     	;# 
   141     020C                     	;# 
   142     028C                     	;# 
   143     030C                     	;# 
   144     038C                     	;# 
   145     0391                     	;# 
   146     0392                     	;# 
   147     0393                     	;# 
   148     0691                     	;# 
   149     0692                     	;# 
   150     0693                     	;# 
   151     0694                     	;# 
   152     0695                     	;# 
   153     0D8E                     	;# 
   154     0D8F                     	;# 
   155     0D90                     	;# 
   156     0D91                     	;# 
   157     0D91                     	;# 
   158     0D92                     	;# 
   159     0D93                     	;# 
   160     0D93                     	;# 
   161     0D94                     	;# 
   162     0D95                     	;# 
   163     0D95                     	;# 
   164     0D96                     	;# 
   165     0D97                     	;# 
   166     0D97                     	;# 
   167     0D98                     	;# 
   168     0D99                     	;# 
   169     0D99                     	;# 
   170     0D9A                     	;# 
   171     0D9B                     	;# 
   172     0D9C                     	;# 
   173     0D9C                     	;# 
   174     0D9D                     	;# 
   175     0D9D                     	;# 
   176     0D9E                     	;# 
   177     0D9F                     	;# 
   178     0DA0                     	;# 
   179     0DA1                     	;# 
   180     0DA1                     	;# 
   181     0DA2                     	;# 
   182     0DA3                     	;# 
   183     0DA3                     	;# 
   184     0DA4                     	;# 
   185     0DA5                     	;# 
   186     0DA5                     	;# 
   187     0DA6                     	;# 
   188     0DA7                     	;# 
   189     0DA7                     	;# 
   190     0DA8                     	;# 
   191     0DA9                     	;# 
   192     0DA9                     	;# 
   193     0DAA                     	;# 
   194     0DAB                     	;# 
   195     0DAC                     	;# 
   196     0DAC                     	;# 
   197     0DAD                     	;# 
   198     0DAD                     	;# 
   199     0DAE                     	;# 
   200     0DAF                     	;# 
   201     0DB0                     	;# 
   202     0DB1                     	;# 
   203     0DB1                     	;# 
   204     0DB2                     	;# 
   205     0DB3                     	;# 
   206     0DB3                     	;# 
   207     0DB4                     	;# 
   208     0DB5                     	;# 
   209     0DB5                     	;# 
   210     0DB6                     	;# 
   211     0DB7                     	;# 
   212     0DB7                     	;# 
   213     0DB8                     	;# 
   214     0DB9                     	;# 
   215     0DB9                     	;# 
   216     0DBA                     	;# 
   217     0DBB                     	;# 
   218     0DBC                     	;# 
   219     0DBC                     	;# 
   220     0DBD                     	;# 
   221     0DBD                     	;# 
   222     0DBE                     	;# 
   223     0DBF                     	;# 
   224     0DC0                     	;# 
   225     0FE4                     	;# 
   226     0FE5                     	;# 
   227     0FE6                     	;# 
   228     0FE7                     	;# 
   229     0FE8                     	;# 
   230     0FE8                     	;# 
   231     0FE9                     	;# 
   232     0FEA                     	;# 
   233     0FEA                     	;# 
   234     0FEB                     	;# 
   235     0FED                     	;# 
   236     0FEE                     	;# 
   237     0FEE                     	;# 
   238     0FEF                     	;# 
   239     0000                     	;# 
   240     0001                     	;# 
   241     0002                     	;# 
   242     0003                     	;# 
   243     0004                     	;# 
   244     0005                     	;# 
   245     0006                     	;# 
   246     0007                     	;# 
   247     0008                     	;# 
   248     0009                     	;# 
   249     000A                     	;# 
   250     000B                     	;# 
   251     000C                     	;# 
   252     0011                     	;# 
   253     0012                     	;# 
   254     0013                     	;# 
   255     0015                     	;# 
   256     0016                     	;# 
   257     0016                     	;# 
   258     0017                     	;# 
   259     0018                     	;# 
   260     0019                     	;# 
   261     001A                     	;# 
   262     001B                     	;# 
   263     001C                     	;# 
   264     008C                     	;# 
   265     0091                     	;# 
   266     0092                     	;# 
   267     0093                     	;# 
   268     0095                     	;# 
   269     0096                     	;# 
   270     0097                     	;# 
   271     0098                     	;# 
   272     0099                     	;# 
   273     009A                     	;# 
   274     009B                     	;# 
   275     009B                     	;# 
   276     009C                     	;# 
   277     009D                     	;# 
   278     009E                     	;# 
   279     009F                     	;# 
   280     010C                     	;# 
   281     0111                     	;# 
   282     0112                     	;# 
   283     0115                     	;# 
   284     0116                     	;# 
   285     0117                     	;# 
   286     0118                     	;# 
   287     0119                     	;# 
   288     011D                     	;# 
   289     011D                     	;# 
   290     018C                     	;# 
   291     0191                     	;# 
   292     0191                     	;# 
   293     0192                     	;# 
   294     0193                     	;# 
   295     0193                     	;# 
   296     0194                     	;# 
   297     0195                     	;# 
   298     0196                     	;# 
   299     0197                     	;# 
   300     0199                     	;# 
   301     019A                     	;# 
   302     019B                     	;# 
   303     019B                     	;# 
   304     019C                     	;# 
   305     019D                     	;# 
   306     019E                     	;# 
   307     019F                     	;# 
   308     020C                     	;# 
   309     028C                     	;# 
   310     030C                     	;# 
   311     038C                     	;# 
   312     0391                     	;# 
   313     0392                     	;# 
   314     0393                     	;# 
   315     0691                     	;# 
   316     0692                     	;# 
   317     0693                     	;# 
   318     0694                     	;# 
   319     0695                     	;# 
   320     0D8E                     	;# 
   321     0D8F                     	;# 
   322     0D90                     	;# 
   323     0D91                     	;# 
   324     0D91                     	;# 
   325     0D92                     	;# 
   326     0D93                     	;# 
   327     0D93                     	;# 
   328     0D94                     	;# 
   329     0D95                     	;# 
   330     0D95                     	;# 
   331     0D96                     	;# 
   332     0D97                     	;# 
   333     0D97                     	;# 
   334     0D98                     	;# 
   335     0D99                     	;# 
   336     0D99                     	;# 
   337     0D9A                     	;# 
   338     0D9B                     	;# 
   339     0D9C                     	;# 
   340     0D9C                     	;# 
   341     0D9D                     	;# 
   342     0D9D                     	;# 
   343     0D9E                     	;# 
   344     0D9F                     	;# 
   345     0DA0                     	;# 
   346     0DA1                     	;# 
   347     0DA1                     	;# 
   348     0DA2                     	;# 
   349     0DA3                     	;# 
   350     0DA3                     	;# 
   351     0DA4                     	;# 
   352     0DA5                     	;# 
   353     0DA5                     	;# 
   354     0DA6                     	;# 
   355     0DA7                     	;# 
   356     0DA7                     	;# 
   357     0DA8                     	;# 
   358     0DA9                     	;# 
   359     0DA9                     	;# 
   360     0DAA                     	;# 
   361     0DAB                     	;# 
   362     0DAC                     	;# 
   363     0DAC                     	;# 
   364     0DAD                     	;# 
   365     0DAD                     	;# 
   366     0DAE                     	;# 
   367     0DAF                     	;# 
   368     0DB0                     	;# 
   369     0DB1                     	;# 
   370     0DB1                     	;# 
   371     0DB2                     	;# 
   372     0DB3                     	;# 
   373     0DB3                     	;# 
   374     0DB4                     	;# 
   375     0DB5                     	;# 
   376     0DB5                     	;# 
   377     0DB6                     	;# 
   378     0DB7                     	;# 
   379     0DB7                     	;# 
   380     0DB8                     	;# 
   381     0DB9                     	;# 
   382     0DB9                     	;# 
   383     0DBA                     	;# 
   384     0DBB                     	;# 
   385     0DBC                     	;# 
   386     0DBC                     	;# 
   387     0DBD                     	;# 
   388     0DBD                     	;# 
   389     0DBE                     	;# 
   390     0DBF                     	;# 
   391     0DC0                     	;# 
   392     0FE4                     	;# 
   393     0FE5                     	;# 
   394     0FE6                     	;# 
   395     0FE7                     	;# 
   396     0FE8                     	;# 
   397     0FE8                     	;# 
   398     0FE9                     	;# 
   399     0FEA                     	;# 
   400     0FEA                     	;# 
   401     0FEB                     	;# 
   402     0FED                     	;# 
   403     0FEE                     	;# 
   404     0FEE                     	;# 
   405     0FEF                     	;# 
   406     0000                     	;# 
   407     0001                     	;# 
   408     0002                     	;# 
   409     0003                     	;# 
   410     0004                     	;# 
   411     0005                     	;# 
   412     0006                     	;# 
   413     0007                     	;# 
   414     0008                     	;# 
   415     0009                     	;# 
   416     000A                     	;# 
   417     000B                     	;# 
   418     000C                     	;# 
   419     0011                     	;# 
   420     0012                     	;# 
   421     0013                     	;# 
   422     0015                     	;# 
   423     0016                     	;# 
   424     0016                     	;# 
   425     0017                     	;# 
   426     0018                     	;# 
   427     0019                     	;# 
   428     001A                     	;# 
   429     001B                     	;# 
   430     001C                     	;# 
   431     008C                     	;# 
   432     0091                     	;# 
   433     0092                     	;# 
   434     0093                     	;# 
   435     0095                     	;# 
   436     0096                     	;# 
   437     0097                     	;# 
   438     0098                     	;# 
   439     0099                     	;# 
   440     009A                     	;# 
   441     009B                     	;# 
   442     009B                     	;# 
   443     009C                     	;# 
   444     009D                     	;# 
   445     009E                     	;# 
   446     009F                     	;# 
   447     010C                     	;# 
   448     0111                     	;# 
   449     0112                     	;# 
   450     0115                     	;# 
   451     0116                     	;# 
   452     0117                     	;# 
   453     0118                     	;# 
   454     0119                     	;# 
   455     011D                     	;# 
   456     011D                     	;# 
   457     018C                     	;# 
   458     0191                     	;# 
   459     0191                     	;# 
   460     0192                     	;# 
   461     0193                     	;# 
   462     0193                     	;# 
   463     0194                     	;# 
   464     0195                     	;# 
   465     0196                     	;# 
   466     0197                     	;# 
   467     0199                     	;# 
   468     019A                     	;# 
   469     019B                     	;# 
   470     019B                     	;# 
   471     019C                     	;# 
   472     019D                     	;# 
   473     019E                     	;# 
   474     019F                     	;# 
   475     020C                     	;# 
   476     028C                     	;# 
   477     030C                     	;# 
   478     038C                     	;# 
   479     0391                     	;# 
   480     0392                     	;# 
   481     0393                     	;# 
   482     0691                     	;# 
   483     0692                     	;# 
   484     0693                     	;# 
   485     0694                     	;# 
   486     0695                     	;# 
   487     0D8E                     	;# 
   488     0D8F                     	;# 
   489     0D90                     	;# 
   490     0D91                     	;# 
   491     0D91                     	;# 
   492     0D92                     	;# 
   493     0D93                     	;# 
   494     0D93                     	;# 
   495     0D94                     	;# 
   496     0D95                     	;# 
   497     0D95                     	;# 
   498     0D96                     	;# 
   499     0D97                     	;# 
   500     0D97                     	;# 
   501     0D98                     	;# 
   502     0D99                     	;# 
   503     0D99                     	;# 
   504     0D9A                     	;# 
   505     0D9B                     	;# 
   506     0D9C                     	;# 
   507     0D9C                     	;# 
   508     0D9D                     	;# 
   509     0D9D                     	;# 
   510     0D9E                     	;# 
   511     0D9F                     	;# 
   512     0DA0                     	;# 
   513     0DA1                     	;# 
   514     0DA1                     	;# 
   515     0DA2                     	;# 
   516     0DA3                     	;# 
   517     0DA3                     	;# 
   518     0DA4                     	;# 
   519     0DA5                     	;# 
   520     0DA5                     	;# 
   521     0DA6                     	;# 
   522     0DA7                     	;# 
   523     0DA7                     	;# 
   524     0DA8                     	;# 
   525     0DA9                     	;# 
   526     0DA9                     	;# 
   527     0DAA                     	;# 
   528     0DAB                     	;# 
   529     0DAC                     	;# 
   530     0DAC                     	;# 
   531     0DAD                     	;# 
   532     0DAD                     	;# 
   533     0DAE                     	;# 
   534     0DAF                     	;# 
   535     0DB0                     	;# 
   536     0DB1                     	;# 
   537     0DB1                     	;# 
   538     0DB2                     	;# 
   539     0DB3                     	;# 
   540     0DB3                     	;# 
   541     0DB4                     	;# 
   542     0DB5                     	;# 
   543     0DB5                     	;# 
   544     0DB6                     	;# 
   545     0DB7                     	;# 
   546     0DB7                     	;# 
   547     0DB8                     	;# 
   548     0DB9                     	;# 
   549     0DB9                     	;# 
   550     0DBA                     	;# 
   551     0DBB                     	;# 
   552     0DBC                     	;# 
   553     0DBC                     	;# 
   554     0DBD                     	;# 
   555     0DBD                     	;# 
   556     0DBE                     	;# 
   557     0DBF                     	;# 
   558     0DC0                     	;# 
   559     0FE4                     	;# 
   560     0FE5                     	;# 
   561     0FE6                     	;# 
   562     0FE7                     	;# 
   563     0FE8                     	;# 
   564     0FE8                     	;# 
   565     0FE9                     	;# 
   566     0FEA                     	;# 
   567     0FEA                     	;# 
   568     0FEB                     	;# 
   569     0FED                     	;# 
   570     0FEE                     	;# 
   571     0FEE                     	;# 
   572     0FEF                     	;# 
   573     0000                     	;# 
   574     0001                     	;# 
   575     0002                     	;# 
   576     0003                     	;# 
   577     0004                     	;# 
   578     0005                     	;# 
   579     0006                     	;# 
   580     0007                     	;# 
   581     0008                     	;# 
   582     0009                     	;# 
   583     000A                     	;# 
   584     000B                     	;# 
   585     000C                     	;# 
   586     0011                     	;# 
   587     0012                     	;# 
   588     0013                     	;# 
   589     0015                     	;# 
   590     0016                     	;# 
   591     0016                     	;# 
   592     0017                     	;# 
   593     0018                     	;# 
   594     0019                     	;# 
   595     001A                     	;# 
   596     001B                     	;# 
   597     001C                     	;# 
   598     008C                     	;# 
   599     0091                     	;# 
   600     0092                     	;# 
   601     0093                     	;# 
   602     0095                     	;# 
   603     0096                     	;# 
   604     0097                     	;# 
   605     0098                     	;# 
   606     0099                     	;# 
   607     009A                     	;# 
   608     009B                     	;# 
   609     009B                     	;# 
   610     009C                     	;# 
   611     009D                     	;# 
   612     009E                     	;# 
   613     009F                     	;# 
   614     010C                     	;# 
   615     0111                     	;# 
   616     0112                     	;# 
   617     0115                     	;# 
   618     0116                     	;# 
   619     0117                     	;# 
   620     0118                     	;# 
   621     0119                     	;# 
   622     011D                     	;# 
   623     011D                     	;# 
   624     018C                     	;# 
   625     0191                     	;# 
   626     0191                     	;# 
   627     0192                     	;# 
   628     0193                     	;# 
   629     0193                     	;# 
   630     0194                     	;# 
   631     0195                     	;# 
   632     0196                     	;# 
   633     0197                     	;# 
   634     0199                     	;# 
   635     019A                     	;# 
   636     019B                     	;# 
   637     019B                     	;# 
   638     019C                     	;# 
   639     019D                     	;# 
   640     019E                     	;# 
   641     019F                     	;# 
   642     020C                     	;# 
   643     028C                     	;# 
   644     030C                     	;# 
   645     038C                     	;# 
   646     0391                     	;# 
   647     0392                     	;# 
   648     0393                     	;# 
   649     0691                     	;# 
   650     0692                     	;# 
   651     0693                     	;# 
   652     0694                     	;# 
   653     0695                     	;# 
   654     0D8E                     	;# 
   655     0D8F                     	;# 
   656     0D90                     	;# 
   657     0D91                     	;# 
   658     0D91                     	;# 
   659     0D92                     	;# 
   660     0D93                     	;# 
   661     0D93                     	;# 
   662     0D94                     	;# 
   663     0D95                     	;# 
   664     0D95                     	;# 
   665     0D96                     	;# 
   666     0D97                     	;# 
   667     0D97                     	;# 
   668     0D98                     	;# 
   669     0D99                     	;# 
   670     0D99                     	;# 
   671     0D9A                     	;# 
   672     0D9B                     	;# 
   673     0D9C                     	;# 
   674     0D9C                     	;# 
   675     0D9D                     	;# 
   676     0D9D                     	;# 
   677     0D9E                     	;# 
   678     0D9F                     	;# 
   679     0DA0                     	;# 
   680     0DA1                     	;# 
   681     0DA1                     	;# 
   682     0DA2                     	;# 
   683     0DA3                     	;# 
   684     0DA3                     	;# 
   685     0DA4                     	;# 
   686     0DA5                     	;# 
   687     0DA5                     	;# 
   688     0DA6                     	;# 
   689     0DA7                     	;# 
   690     0DA7                     	;# 
   691     0DA8                     	;# 
   692     0DA9                     	;# 
   693     0DA9                     	;# 
   694     0DAA                     	;# 
   695     0DAB                     	;# 
   696     0DAC                     	;# 
   697     0DAC                     	;# 
   698     0DAD                     	;# 
   699     0DAD                     	;# 
   700     0DAE                     	;# 
   701     0DAF                     	;# 
   702     0DB0                     	;# 
   703     0DB1                     	;# 
   704     0DB1                     	;# 
   705     0DB2                     	;# 
   706     0DB3                     	;# 
   707     0DB3                     	;# 
   708     0DB4                     	;# 
   709     0DB5                     	;# 
   710     0DB5                     	;# 
   711     0DB6                     	;# 
   712     0DB7                     	;# 
   713     0DB7                     	;# 
   714     0DB8                     	;# 
   715     0DB9                     	;# 
   716     0DB9                     	;# 
   717     0DBA                     	;# 
   718     0DBB                     	;# 
   719     0DBC                     	;# 
   720     0DBC                     	;# 
   721     0DBD                     	;# 
   722     0DBD                     	;# 
   723     0DBE                     	;# 
   724     0DBF                     	;# 
   725     0DC0                     	;# 
   726     0FE4                     	;# 
   727     0FE5                     	;# 
   728     0FE6                     	;# 
   729     0FE7                     	;# 
   730     0FE8                     	;# 
   731     0FE8                     	;# 
   732     0FE9                     	;# 
   733     0FEA                     	;# 
   734     0FEA                     	;# 
   735     0FEB                     	;# 
   736     0FED                     	;# 
   737     0FEE                     	;# 
   738     0FEE                     	;# 
   739     0FEF                     	;# 
   740     0000                     	;# 
   741     0001                     	;# 
   742     0002                     	;# 
   743     0003                     	;# 
   744     0004                     	;# 
   745     0005                     	;# 
   746     0006                     	;# 
   747     0007                     	;# 
   748     0008                     	;# 
   749     0009                     	;# 
   750     000A                     	;# 
   751     000B                     	;# 
   752     000C                     	;# 
   753     0011                     	;# 
   754     0012                     	;# 
   755     0013                     	;# 
   756     0015                     	;# 
   757     0016                     	;# 
   758     0016                     	;# 
   759     0017                     	;# 
   760     0018                     	;# 
   761     0019                     	;# 
   762     001A                     	;# 
   763     001B                     	;# 
   764     001C                     	;# 
   765     008C                     	;# 
   766     0091                     	;# 
   767     0092                     	;# 
   768     0093                     	;# 
   769     0095                     	;# 
   770     0096                     	;# 
   771     0097                     	;# 
   772     0098                     	;# 
   773     0099                     	;# 
   774     009A                     	;# 
   775     009B                     	;# 
   776     009B                     	;# 
   777     009C                     	;# 
   778     009D                     	;# 
   779     009E                     	;# 
   780     009F                     	;# 
   781     010C                     	;# 
   782     0111                     	;# 
   783     0112                     	;# 
   784     0115                     	;# 
   785     0116                     	;# 
   786     0117                     	;# 
   787     0118                     	;# 
   788     0119                     	;# 
   789     011D                     	;# 
   790     011D                     	;# 
   791     018C                     	;# 
   792     0191                     	;# 
   793     0191                     	;# 
   794     0192                     	;# 
   795     0193                     	;# 
   796     0193                     	;# 
   797     0194                     	;# 
   798     0195                     	;# 
   799     0196                     	;# 
   800     0197                     	;# 
   801     0199                     	;# 
   802     019A                     	;# 
   803     019B                     	;# 
   804     019B                     	;# 
   805     019C                     	;# 
   806     019D                     	;# 
   807     019E                     	;# 
   808     019F                     	;# 
   809     020C                     	;# 
   810     028C                     	;# 
   811     030C                     	;# 
   812     038C                     	;# 
   813     0391                     	;# 
   814     0392                     	;# 
   815     0393                     	;# 
   816     0691                     	;# 
   817     0692                     	;# 
   818     0693                     	;# 
   819     0694                     	;# 
   820     0695                     	;# 
   821     0D8E                     	;# 
   822     0D8F                     	;# 
   823     0D90                     	;# 
   824     0D91                     	;# 
   825     0D91                     	;# 
   826     0D92                     	;# 
   827     0D93                     	;# 
   828     0D93                     	;# 
   829     0D94                     	;# 
   830     0D95                     	;# 
   831     0D95                     	;# 
   832     0D96                     	;# 
   833     0D97                     	;# 
   834     0D97                     	;# 
   835     0D98                     	;# 
   836     0D99                     	;# 
   837     0D99                     	;# 
   838     0D9A                     	;# 
   839     0D9B                     	;# 
   840     0D9C                     	;# 
   841     0D9C                     	;# 
   842     0D9D                     	;# 
   843     0D9D                     	;# 
   844     0D9E                     	;# 
   845     0D9F                     	;# 
   846     0DA0                     	;# 
   847     0DA1                     	;# 
   848     0DA1                     	;# 
   849     0DA2                     	;# 
   850     0DA3                     	;# 
   851     0DA3                     	;# 
   852     0DA4                     	;# 
   853     0DA5                     	;# 
   854     0DA5                     	;# 
   855     0DA6                     	;# 
   856     0DA7                     	;# 
   857     0DA7                     	;# 
   858     0DA8                     	;# 
   859     0DA9                     	;# 
   860     0DA9                     	;# 
   861     0DAA                     	;# 
   862     0DAB                     	;# 
   863     0DAC                     	;# 
   864     0DAC                     	;# 
   865     0DAD                     	;# 
   866     0DAD                     	;# 
   867     0DAE                     	;# 
   868     0DAF                     	;# 
   869     0DB0                     	;# 
   870     0DB1                     	;# 
   871     0DB1                     	;# 
   872     0DB2                     	;# 
   873     0DB3                     	;# 
   874     0DB3                     	;# 
   875     0DB4                     	;# 
   876     0DB5                     	;# 
   877     0DB5                     	;# 
   878     0DB6                     	;# 
   879     0DB7                     	;# 
   880     0DB7                     	;# 
   881     0DB8                     	;# 
   882     0DB9                     	;# 
   883     0DB9                     	;# 
   884     0DBA                     	;# 
   885     0DBB                     	;# 
   886     0DBC                     	;# 
   887     0DBC                     	;# 
   888     0DBD                     	;# 
   889     0DBD                     	;# 
   890     0DBE                     	;# 
   891     0DBF                     	;# 
   892     0DC0                     	;# 
   893     0FE4                     	;# 
   894     0FE5                     	;# 
   895     0FE6                     	;# 
   896     0FE7                     	;# 
   897     0FE8                     	;# 
   898     0FE8                     	;# 
   899     0FE9                     	;# 
   900     0FEA                     	;# 
   901     0FEA                     	;# 
   902     0FEB                     	;# 
   903     0FED                     	;# 
   904     0FEE                     	;# 
   905     0FEE                     	;# 
   906     0FEF                     	;# 
   907     0000                     	;# 
   908     0001                     	;# 
   909     0002                     	;# 
   910     0003                     	;# 
   911     0004                     	;# 
   912     0005                     	;# 
   913     0006                     	;# 
   914     0007                     	;# 
   915     0008                     	;# 
   916     0009                     	;# 
   917     000A                     	;# 
   918     000B                     	;# 
   919     000C                     	;# 
   920     0011                     	;# 
   921     0012                     	;# 
   922     0013                     	;# 
   923     0015                     	;# 
   924     0016                     	;# 
   925     0016                     	;# 
   926     0017                     	;# 
   927     0018                     	;# 
   928     0019                     	;# 
   929     001A                     	;# 
   930     001B                     	;# 
   931     001C                     	;# 
   932     008C                     	;# 
   933     0091                     	;# 
   934     0092                     	;# 
   935     0093                     	;# 
   936     0095                     	;# 
   937     0096                     	;# 
   938     0097                     	;# 
   939     0098                     	;# 
   940     0099                     	;# 
   941     009A                     	;# 
   942     009B                     	;# 
   943     009B                     	;# 
   944     009C                     	;# 
   945     009D                     	;# 
   946     009E                     	;# 
   947     009F                     	;# 
   948     010C                     	;# 
   949     0111                     	;# 
   950     0112                     	;# 
   951     0115                     	;# 
   952     0116                     	;# 
   953     0117                     	;# 
   954     0118                     	;# 
   955     0119                     	;# 
   956     011D                     	;# 
   957     011D                     	;# 
   958     018C                     	;# 
   959     0191                     	;# 
   960     0191                     	;# 
   961     0192                     	;# 
   962     0193                     	;# 
   963     0193                     	;# 
   964     0194                     	;# 
   965     0195                     	;# 
   966     0196                     	;# 
   967     0197                     	;# 
   968     0199                     	;# 
   969     019A                     	;# 
   970     019B                     	;# 
   971     019B                     	;# 
   972     019C                     	;# 
   973     019D                     	;# 
   974     019E                     	;# 
   975     019F                     	;# 
   976     020C                     	;# 
   977     028C                     	;# 
   978     030C                     	;# 
   979     038C                     	;# 
   980     0391                     	;# 
   981     0392                     	;# 
   982     0393                     	;# 
   983     0691                     	;# 
   984     0692                     	;# 
   985     0693                     	;# 
   986     0694                     	;# 
   987     0695                     	;# 
   988     0D8E                     	;# 
   989     0D8F                     	;# 
   990     0D90                     	;# 
   991     0D91                     	;# 
   992     0D91                     	;# 
   993     0D92                     	;# 
   994     0D93                     	;# 
   995     0D93                     	;# 
   996     0D94                     	;# 
   997     0D95                     	;# 
   998     0D95                     	;# 
   999     0D96                     	;# 
  1000     0D97                     	;# 
  1001     0D97                     	;# 
  1002     0D98                     	;# 
  1003     0D99                     	;# 
  1004     0D99                     	;# 
  1005     0D9A                     	;# 
  1006     0D9B                     	;# 
  1007     0D9C                     	;# 
  1008     0D9C                     	;# 
  1009     0D9D                     	;# 
  1010     0D9D                     	;# 
  1011     0D9E                     	;# 
  1012     0D9F                     	;# 
  1013     0DA0                     	;# 
  1014     0DA1                     	;# 
  1015     0DA1                     	;# 
  1016     0DA2                     	;# 
  1017     0DA3                     	;# 
  1018     0DA3                     	;# 
  1019     0DA4                     	;# 
  1020     0DA5                     	;# 
  1021     0DA5                     	;# 
  1022     0DA6                     	;# 
  1023     0DA7                     	;# 
  1024     0DA7                     	;# 
  1025     0DA8                     	;# 
  1026     0DA9                     	;# 
  1027     0DA9                     	;# 
  1028     0DAA                     	;# 
  1029     0DAB                     	;# 
  1030     0DAC                     	;# 
  1031     0DAC                     	;# 
  1032     0DAD                     	;# 
  1033     0DAD                     	;# 
  1034     0DAE                     	;# 
  1035     0DAF                     	;# 
  1036     0DB0                     	;# 
  1037     0DB1                     	;# 
  1038     0DB1                     	;# 
  1039     0DB2                     	;# 
  1040     0DB3                     	;# 
  1041     0DB3                     	;# 
  1042     0DB4                     	;# 
  1043     0DB5                     	;# 
  1044     0DB5                     	;# 
  1045     0DB6                     	;# 
  1046     0DB7                     	;# 
  1047     0DB7                     	;# 
  1048     0DB8                     	;# 
  1049     0DB9                     	;# 
  1050     0DB9                     	;# 
  1051     0DBA                     	;# 
  1052     0DBB                     	;# 
  1053     0DBC                     	;# 
  1054     0DBC                     	;# 
  1055     0DBD                     	;# 
  1056     0DBD                     	;# 
  1057     0DBE                     	;# 
  1058     0DBF                     	;# 
  1059     0DC0                     	;# 
  1060     0FE4                     	;# 
  1061     0FE5                     	;# 
  1062     0FE6                     	;# 
  1063     0FE7                     	;# 
  1064     0FE8                     	;# 
  1065     0FE8                     	;# 
  1066     0FE9                     	;# 
  1067     0FEA                     	;# 
  1068     0FEA                     	;# 
  1069     0FEB                     	;# 
  1070     0FED                     	;# 
  1071     0FEE                     	;# 
  1072     0FEE                     	;# 
  1073     0FEF                     	;# 
  1074     0000                     	;# 
  1075     0001                     	;# 
  1076     0002                     	;# 
  1077     0003                     	;# 
  1078     0004                     	;# 
  1079     0005                     	;# 
  1080     0006                     	;# 
  1081     0007                     	;# 
  1082     0008                     	;# 
  1083     0009                     	;# 
  1084     000A                     	;# 
  1085     000B                     	;# 
  1086     000C                     	;# 
  1087     0011                     	;# 
  1088     0012                     	;# 
  1089     0013                     	;# 
  1090     0015                     	;# 
  1091     0016                     	;# 
  1092     0016                     	;# 
  1093     0017                     	;# 
  1094     0018                     	;# 
  1095     0019                     	;# 
  1096     001A                     	;# 
  1097     001B                     	;# 
  1098     001C                     	;# 
  1099     008C                     	;# 
  1100     0091                     	;# 
  1101     0092                     	;# 
  1102     0093                     	;# 
  1103     0095                     	;# 
  1104     0096                     	;# 
  1105     0097                     	;# 
  1106     0098                     	;# 
  1107     0099                     	;# 
  1108     009A                     	;# 
  1109     009B                     	;# 
  1110     009B                     	;# 
  1111     009C                     	;# 
  1112     009D                     	;# 
  1113     009E                     	;# 
  1114     009F                     	;# 
  1115     010C                     	;# 
  1116     0111                     	;# 
  1117     0112                     	;# 
  1118     0115                     	;# 
  1119     0116                     	;# 
  1120     0117                     	;# 
  1121     0118                     	;# 
  1122     0119                     	;# 
  1123     011D                     	;# 
  1124     011D                     	;# 
  1125     018C                     	;# 
  1126     0191                     	;# 
  1127     0191                     	;# 
  1128     0192                     	;# 
  1129     0193                     	;# 
  1130     0193                     	;# 
  1131     0194                     	;# 
  1132     0195                     	;# 
  1133     0196                     	;# 
  1134     0197                     	;# 
  1135     0199                     	;# 
  1136     019A                     	;# 
  1137     019B                     	;# 
  1138     019B                     	;# 
  1139     019C                     	;# 
  1140     019D                     	;# 
  1141     019E                     	;# 
  1142     019F                     	;# 
  1143     020C                     	;# 
  1144     028C                     	;# 
  1145     030C                     	;# 
  1146     038C                     	;# 
  1147     0391                     	;# 
  1148     0392                     	;# 
  1149     0393                     	;# 
  1150     0691                     	;# 
  1151     0692                     	;# 
  1152     0693                     	;# 
  1153     0694                     	;# 
  1154     0695                     	;# 
  1155     0D8E                     	;# 
  1156     0D8F                     	;# 
  1157     0D90                     	;# 
  1158     0D91                     	;# 
  1159     0D91                     	;# 
  1160     0D92                     	;# 
  1161     0D93                     	;# 
  1162     0D93                     	;# 
  1163     0D94                     	;# 
  1164     0D95                     	;# 
  1165     0D95                     	;# 
  1166     0D96                     	;# 
  1167     0D97                     	;# 
  1168     0D97                     	;# 
  1169     0D98                     	;# 
  1170     0D99                     	;# 
  1171     0D99                     	;# 
  1172     0D9A                     	;# 
  1173     0D9B                     	;# 
  1174     0D9C                     	;# 
  1175     0D9C                     	;# 
  1176     0D9D                     	;# 
  1177     0D9D                     	;# 
  1178     0D9E                     	;# 
  1179     0D9F                     	;# 
  1180     0DA0                     	;# 
  1181     0DA1                     	;# 
  1182     0DA1                     	;# 
  1183     0DA2                     	;# 
  1184     0DA3                     	;# 
  1185     0DA3                     	;# 
  1186     0DA4                     	;# 
  1187     0DA5                     	;# 
  1188     0DA5                     	;# 
  1189     0DA6                     	;# 
  1190     0DA7                     	;# 
  1191     0DA7                     	;# 
  1192     0DA8                     	;# 
  1193     0DA9                     	;# 
  1194     0DA9                     	;# 
  1195     0DAA                     	;# 
  1196     0DAB                     	;# 
  1197     0DAC                     	;# 
  1198     0DAC                     	;# 
  1199     0DAD                     	;# 
  1200     0DAD                     	;# 
  1201     0DAE                     	;# 
  1202     0DAF                     	;# 
  1203     0DB0                     	;# 
  1204     0DB1                     	;# 
  1205     0DB1                     	;# 
  1206     0DB2                     	;# 
  1207     0DB3                     	;# 
  1208     0DB3                     	;# 
  1209     0DB4                     	;# 
  1210     0DB5                     	;# 
  1211     0DB5                     	;# 
  1212     0DB6                     	;# 
  1213     0DB7                     	;# 
  1214     0DB7                     	;# 
  1215     0DB8                     	;# 
  1216     0DB9                     	;# 
  1217     0DB9                     	;# 
  1218     0DBA                     	;# 
  1219     0DBB                     	;# 
  1220     0DBC                     	;# 
  1221     0DBC                     	;# 
  1222     0DBD                     	;# 
  1223     0DBD                     	;# 
  1224     0DBE                     	;# 
  1225     0DBF                     	;# 
  1226     0DC0                     	;# 
  1227     0FE4                     	;# 
  1228     0FE5                     	;# 
  1229     0FE6                     	;# 
  1230     0FE7                     	;# 
  1231     0FE8                     	;# 
  1232     0FE8                     	;# 
  1233     0FE9                     	;# 
  1234     0FEA                     	;# 
  1235     0FEA                     	;# 
  1236     0FEB                     	;# 
  1237     0FED                     	;# 
  1238     0FEE                     	;# 
  1239     0FEE                     	;# 
  1240     0FEF                     	;# 
  1241     0000                     	;# 
  1242     0001                     	;# 
  1243     0002                     	;# 
  1244     0003                     	;# 
  1245     0004                     	;# 
  1246     0005                     	;# 
  1247     0006                     	;# 
  1248     0007                     	;# 
  1249     0008                     	;# 
  1250     0009                     	;# 
  1251     000A                     	;# 
  1252     000B                     	;# 
  1253     000C                     	;# 
  1254     0011                     	;# 
  1255     0012                     	;# 
  1256     0013                     	;# 
  1257     0015                     	;# 
  1258     0016                     	;# 
  1259     0016                     	;# 
  1260     0017                     	;# 
  1261     0018                     	;# 
  1262     0019                     	;# 
  1263     001A                     	;# 
  1264     001B                     	;# 
  1265     001C                     	;# 
  1266     008C                     	;# 
  1267     0091                     	;# 
  1268     0092                     	;# 
  1269     0093                     	;# 
  1270     0095                     	;# 
  1271     0096                     	;# 
  1272     0097                     	;# 
  1273     0098                     	;# 
  1274     0099                     	;# 
  1275     009A                     	;# 
  1276     009B                     	;# 
  1277     009B                     	;# 
  1278     009C                     	;# 
  1279     009D                     	;# 
  1280     009E                     	;# 
  1281     009F                     	;# 
  1282     010C                     	;# 
  1283     0111                     	;# 
  1284     0112                     	;# 
  1285     0115                     	;# 
  1286     0116                     	;# 
  1287     0117                     	;# 
  1288     0118                     	;# 
  1289     0119                     	;# 
  1290     011D                     	;# 
  1291     011D                     	;# 
  1292     018C                     	;# 
  1293     0191                     	;# 
  1294     0191                     	;# 
  1295     0192                     	;# 
  1296     0193                     	;# 
  1297     0193                     	;# 
  1298     0194                     	;# 
  1299     0195                     	;# 
  1300     0196                     	;# 
  1301     0197                     	;# 
  1302     0199                     	;# 
  1303     019A                     	;# 
  1304     019B                     	;# 
  1305     019B                     	;# 
  1306     019C                     	;# 
  1307     019D                     	;# 
  1308     019E                     	;# 
  1309     019F                     	;# 
  1310     020C                     	;# 
  1311     028C                     	;# 
  1312     030C                     	;# 
  1313     038C                     	;# 
  1314     0391                     	;# 
  1315     0392                     	;# 
  1316     0393                     	;# 
  1317     0691                     	;# 
  1318     0692                     	;# 
  1319     0693                     	;# 
  1320     0694                     	;# 
  1321     0695                     	;# 
  1322     0D8E                     	;# 
  1323     0D8F                     	;# 
  1324     0D90                     	;# 
  1325     0D91                     	;# 
  1326     0D91                     	;# 
  1327     0D92                     	;# 
  1328     0D93                     	;# 
  1329     0D93                     	;# 
  1330     0D94                     	;# 
  1331     0D95                     	;# 
  1332     0D95                     	;# 
  1333     0D96                     	;# 
  1334     0D97                     	;# 
  1335     0D97                     	;# 
  1336     0D98                     	;# 
  1337     0D99                     	;# 
  1338     0D99                     	;# 
  1339     0D9A                     	;# 
  1340     0D9B                     	;# 
  1341     0D9C                     	;# 
  1342     0D9C                     	;# 
  1343     0D9D                     	;# 
  1344     0D9D                     	;# 
  1345     0D9E                     	;# 
  1346     0D9F                     	;# 
  1347     0DA0                     	;# 
  1348     0DA1                     	;# 
  1349     0DA1                     	;# 
  1350     0DA2                     	;# 
  1351     0DA3                     	;# 
  1352     0DA3                     	;# 
  1353     0DA4                     	;# 
  1354     0DA5                     	;# 
  1355     0DA5                     	;# 
  1356     0DA6                     	;# 
  1357     0DA7                     	;# 
  1358     0DA7                     	;# 
  1359     0DA8                     	;# 
  1360     0DA9                     	;# 
  1361     0DA9                     	;# 
  1362     0DAA                     	;# 
  1363     0DAB                     	;# 
  1364     0DAC                     	;# 
  1365     0DAC                     	;# 
  1366     0DAD                     	;# 
  1367     0DAD                     	;# 
  1368     0DAE                     	;# 
  1369     0DAF                     	;# 
  1370     0DB0                     	;# 
  1371     0DB1                     	;# 
  1372     0DB1                     	;# 
  1373     0DB2                     	;# 
  1374     0DB3                     	;# 
  1375     0DB3                     	;# 
  1376     0DB4                     	;# 
  1377     0DB5                     	;# 
  1378     0DB5                     	;# 
  1379     0DB6                     	;# 
  1380     0DB7                     	;# 
  1381     0DB7                     	;# 
  1382     0DB8                     	;# 
  1383     0DB9                     	;# 
  1384     0DB9                     	;# 
  1385     0DBA                     	;# 
  1386     0DBB                     	;# 
  1387     0DBC                     	;# 
  1388     0DBC                     	;# 
  1389     0DBD                     	;# 
  1390     0DBD                     	;# 
  1391     0DBE                     	;# 
  1392     0DBF                     	;# 
  1393     0DC0                     	;# 
  1394     0FE4                     	;# 
  1395     0FE5                     	;# 
  1396     0FE6                     	;# 
  1397     0FE7                     	;# 
  1398     0FE8                     	;# 
  1399     0FE8                     	;# 
  1400     0FE9                     	;# 
  1401     0FEA                     	;# 
  1402     0FEA                     	;# 
  1403     0FEB                     	;# 
  1404     0FED                     	;# 
  1405     0FEE                     	;# 
  1406     0FEE                     	;# 
  1407     0FEF                     	;# 
  1408     0000                     	;# 
  1409     0001                     	;# 
  1410     0002                     	;# 
  1411     0003                     	;# 
  1412     0004                     	;# 
  1413     0005                     	;# 
  1414     0006                     	;# 
  1415     0007                     	;# 
  1416     0008                     	;# 
  1417     0009                     	;# 
  1418     000A                     	;# 
  1419     000B                     	;# 
  1420     000C                     	;# 
  1421     0011                     	;# 
  1422     0012                     	;# 
  1423     0013                     	;# 
  1424     0015                     	;# 
  1425     0016                     	;# 
  1426     0016                     	;# 
  1427     0017                     	;# 
  1428     0018                     	;# 
  1429     0019                     	;# 
  1430     001A                     	;# 
  1431     001B                     	;# 
  1432     001C                     	;# 
  1433     008C                     	;# 
  1434     0091                     	;# 
  1435     0092                     	;# 
  1436     0093                     	;# 
  1437     0095                     	;# 
  1438     0096                     	;# 
  1439     0097                     	;# 
  1440     0098                     	;# 
  1441     0099                     	;# 
  1442     009A                     	;# 
  1443     009B                     	;# 
  1444     009B                     	;# 
  1445     009C                     	;# 
  1446     009D                     	;# 
  1447     009E                     	;# 
  1448     009F                     	;# 
  1449     010C                     	;# 
  1450     0111                     	;# 
  1451     0112                     	;# 
  1452     0115                     	;# 
  1453     0116                     	;# 
  1454     0117                     	;# 
  1455     0118                     	;# 
  1456     0119                     	;# 
  1457     011D                     	;# 
  1458     011D                     	;# 
  1459     018C                     	;# 
  1460     0191                     	;# 
  1461     0191                     	;# 
  1462     0192                     	;# 
  1463     0193                     	;# 
  1464     0193                     	;# 
  1465     0194                     	;# 
  1466     0195                     	;# 
  1467     0196                     	;# 
  1468     0197                     	;# 
  1469     0199                     	;# 
  1470     019A                     	;# 
  1471     019B                     	;# 
  1472     019B                     	;# 
  1473     019C                     	;# 
  1474     019D                     	;# 
  1475     019E                     	;# 
  1476     019F                     	;# 
  1477     020C                     	;# 
  1478     028C                     	;# 
  1479     030C                     	;# 
  1480     038C                     	;# 
  1481     0391                     	;# 
  1482     0392                     	;# 
  1483     0393                     	;# 
  1484     0691                     	;# 
  1485     0692                     	;# 
  1486     0693                     	;# 
  1487     0694                     	;# 
  1488     0695                     	;# 
  1489     0D8E                     	;# 
  1490     0D8F                     	;# 
  1491     0D90                     	;# 
  1492     0D91                     	;# 
  1493     0D91                     	;# 
  1494     0D92                     	;# 
  1495     0D93                     	;# 
  1496     0D93                     	;# 
  1497     0D94                     	;# 
  1498     0D95                     	;# 
  1499     0D95                     	;# 
  1500     0D96                     	;# 
  1501     0D97                     	;# 
  1502     0D97                     	;# 
  1503     0D98                     	;# 
  1504     0D99                     	;# 
  1505     0D99                     	;# 
  1506     0D9A                     	;# 
  1507     0D9B                     	;# 
  1508     0D9C                     	;# 
  1509     0D9C                     	;# 
  1510     0D9D                     	;# 
  1511     0D9D                     	;# 
  1512     0D9E                     	;# 
  1513     0D9F                     	;# 
  1514     0DA0                     	;# 
  1515     0DA1                     	;# 
  1516     0DA1                     	;# 
  1517     0DA2                     	;# 
  1518     0DA3                     	;# 
  1519     0DA3                     	;# 
  1520     0DA4                     	;# 
  1521     0DA5                     	;# 
  1522     0DA5                     	;# 
  1523     0DA6                     	;# 
  1524     0DA7                     	;# 
  1525     0DA7                     	;# 
  1526     0DA8                     	;# 
  1527     0DA9                     	;# 
  1528     0DA9                     	;# 
  1529     0DAA                     	;# 
  1530     0DAB                     	;# 
  1531     0DAC                     	;# 
  1532     0DAC                     	;# 
  1533     0DAD                     	;# 
  1534     0DAD                     	;# 
  1535     0DAE                     	;# 
  1536     0DAF                     	;# 
  1537     0DB0                     	;# 
  1538     0DB1                     	;# 
  1539     0DB1                     	;# 
  1540     0DB2                     	;# 
  1541     0DB3                     	;# 
  1542     0DB3                     	;# 
  1543     0DB4                     	;# 
  1544     0DB5                     	;# 
  1545     0DB5                     	;# 
  1546     0DB6                     	;# 
  1547     0DB7                     	;# 
  1548     0DB7                     	;# 
  1549     0DB8                     	;# 
  1550     0DB9                     	;# 
  1551     0DB9                     	;# 
  1552     0DBA                     	;# 
  1553     0DBB                     	;# 
  1554     0DBC                     	;# 
  1555     0DBC                     	;# 
  1556     0DBD                     	;# 
  1557     0DBD                     	;# 
  1558     0DBE                     	;# 
  1559     0DBF                     	;# 
  1560     0DC0                     	;# 
  1561     0FE4                     	;# 
  1562     0FE5                     	;# 
  1563     0FE6                     	;# 
  1564     0FE7                     	;# 
  1565     0FE8                     	;# 
  1566     0FE8                     	;# 
  1567     0FE9                     	;# 
  1568     0FEA                     	;# 
  1569     0FEA                     	;# 
  1570     0FEB                     	;# 
  1571     0FED                     	;# 
  1572     0FEE                     	;# 
  1573     0FEE                     	;# 
  1574     0FEF                     	;# 
  1575                           
  1576 ;; Function _TMR0_DefaultInterruptHandler is unused but had its address taken
  1577     0000                     
  1578 ;; Function _EUSART_DefaultFramingErrorHandler is unused but had its address taken
  1579     0000                     
  1580 ;; Function _EUSART_DefaultOverrunErrorHandler is unused but had its address taken
  1581     0000                     
  1582 ;; Function _EUSART_DefaultErrorHandler is unused but had its address taken
  1583     0000                     
  1584                           	psect	idataBANK0
  1585     02AA                     __pidataBANK0:
  1586                           
  1587                           ;initializer for _time_EEPROM_WRITE_count
  1588     02AA  340A               	retlw	10
  1589     02AB  3400               	retlw	0
  1590                           
  1591                           ;initializer for _last_saved_status
  1592     02AC  34FF               	retlw	255
  1593                           
  1594                           	psect	nvBANK0
  1595     003B                     __pnvBANK0:
  1596     003B                     _EUSART_ErrorHandler:
  1597     003B                     	ds	2
  1598     003D                     _EUSART_OverrunErrorHandler:
  1599     003D                     	ds	2
  1600     003F                     _EUSART_FramingErrorHandler:
  1601     003F                     	ds	2
  1602     0041                     _TMR0_InterruptHandler:
  1603     0041                     	ds	2
  1604     0043                     _timer0ReloadVal:
  1605     0043                     	ds	1
  1606     000B                     _INTCON	set	11
  1607     0011                     _PIR1bits	set	17
  1608     0015                     _TMR0	set	21
  1609     000B                     _INTCONbits	set	11
  1610     005F                     _GIE	set	95
  1611     008C                     _TRISAbits	set	140
  1612     0095                     _OPTION_REG	set	149
  1613     0095                     _OPTION_REGbits	set	149
  1614     008C                     _TRISA	set	140
  1615     0097                     _WDTCON	set	151
  1616     0098                     _OSCTUNE	set	152
  1617     0099                     _OSCCON	set	153
  1618     009D                     _ADCON0bits	set	157
  1619     009D                     _ADCON0	set	157
  1620     009C                     _ADRESH	set	156
  1621     009B                     _ADRESL	set	155
  1622     009F                     _ADCON2	set	159
  1623     009E                     _ADCON1	set	158
  1624     010C                     _LATAbits	set	268
  1625     011D                     _APFCON	set	285
  1626     010C                     _LATA	set	268
  1627     0116                     _BORCON	set	278
  1628     0191                     _PMADR	set	401
  1629     0193                     _PMDAT	set	403
  1630     0196                     _PMCON2	set	406
  1631     0195                     _PMCON1	set	405
  1632     0194                     _PMDATH	set	404
  1633     019A                     _TXREG	set	410
  1634     0199                     _RCREG	set	409
  1635     019D                     _RCSTAbits	set	413
  1636     019E                     _TXSTAbits	set	414
  1637     019C                     _SPBRGH	set	412
  1638     019B                     _SPBRGL	set	411
  1639     019E                     _TXSTA	set	414
  1640     019D                     _RCSTA	set	413
  1641     019F                     _BAUDCON	set	415
  1642     018C                     _ANSELA	set	396
  1643     0CAA                     _WREN	set	3242
  1644     0CA9                     _WR	set	3241
  1645     0CA8                     _RD	set	3240
  1646     020C                     _WPUA	set	524
  1647     028C                     _ODCONA	set	652
  1648     030C                     _SLRCONA	set	780
  1649     038C                     _INLVLA	set	908
  1650                           
  1651                           	psect	cinit
  1652     0014                     start_initialization:	
  1653                           ; #config settings
  1654                           
  1655     0014                     __initialization:
  1656                           
  1657                           ; Initialize objects allocated to BANK0
  1658     0014  3182  22AA  3180   	fcall	__pidataBANK0	;fetch initializer
  1659     0017  00C4               	movwf	__pdataBANK0& (0+127)
  1660     0018  3182  22AB  3180   	fcall	__pidataBANK0+1	;fetch initializer
  1661     001B  00C5               	movwf	(__pdataBANK0+1)& (0+127)
  1662     001C  3182  22AC  3180   	fcall	__pidataBANK0+2	;fetch initializer
  1663     001F  00C6               	movwf	(__pdataBANK0+2)& (0+127)
  1664                           
  1665                           ; Clear objects allocated to BANK0
  1666     0020  01AF               	clrf	__pbssBANK0& (0+127)
  1667     0021  01B0               	clrf	(__pbssBANK0+1)& (0+127)
  1668     0022  01B1               	clrf	(__pbssBANK0+2)& (0+127)
  1669     0023  01B2               	clrf	(__pbssBANK0+3)& (0+127)
  1670     0024  01B3               	clrf	(__pbssBANK0+4)& (0+127)
  1671     0025  01B4               	clrf	(__pbssBANK0+5)& (0+127)
  1672     0026  01B5               	clrf	(__pbssBANK0+6)& (0+127)
  1673     0027  01B6               	clrf	(__pbssBANK0+7)& (0+127)
  1674     0028  01B7               	clrf	(__pbssBANK0+8)& (0+127)
  1675     0029  01B8               	clrf	(__pbssBANK0+9)& (0+127)
  1676     002A  01B9               	clrf	(__pbssBANK0+10)& (0+127)
  1677     002B  01BA               	clrf	(__pbssBANK0+11)& (0+127)
  1678     002C                     end_of_initialization:	
  1679                           ;End of C runtime variable initialization code
  1680                           
  1681     002C                     __end_of__initialization:
  1682     002C  107E               	bcf	int$flags,0	;clear compiler interrupt flag (level 1)
  1683     002D  0020               	movlb	0
  1684     002E  282F               	ljmp	_main	;jump to C main() function
  1685                           
  1686                           	psect	bssBANK0
  1687     002F                     __pbssBANK0:
  1688     002F                     _time_EEPROM_WRITE_Period:
  1689     002F                     	ds	4
  1690     0033                     _g_timer0OverflowCount:
  1691     0033                     	ds	4
  1692     0037                     _ADC1_InterruptHandler:
  1693     0037                     	ds	2
  1694     0039                     _SaveInt:
  1695     0039                     	ds	1
  1696     003A                     _eusartRxLastError:
  1697     003A                     	ds	1
  1698                           
  1699                           	psect	dataBANK0
  1700     0044                     __pdataBANK0:
  1701     0044                     _time_EEPROM_WRITE_count:
  1702     0044                     	ds	2
  1703     0046                     _last_saved_status:
  1704     0046                     	ds	1
  1705                           
  1706                           	psect	cstackCOMMON
  1707     0070                     __pcstackCOMMON:
  1708     0070                     ?_PIN_MANAGER_Initialize:
  1709     0070                     ??_PIN_MANAGER_Initialize:	
  1710                           ; 1 bytes @ 0x0
  1711                           
  1712     0070                     ?_OSCILLATOR_Initialize:	
  1713                           ; 1 bytes @ 0x0
  1714                           
  1715     0070                     ??_OSCILLATOR_Initialize:	
  1716                           ; 1 bytes @ 0x0
  1717                           
  1718     0070                     ?_WDT_Initialize:	
  1719                           ; 1 bytes @ 0x0
  1720                           
  1721     0070                     ??_WDT_Initialize:	
  1722                           ; 1 bytes @ 0x0
  1723                           
  1724     0070                     ?_TMR0_Initialize:	
  1725                           ; 1 bytes @ 0x0
  1726                           
  1727     0070                     ?_EUSART_Initialize:	
  1728                           ; 1 bytes @ 0x0
  1729                           
  1730     0070                     ?_TMR0_SetInterruptHandler:	
  1731                           ; 1 bytes @ 0x0
  1732                           
  1733     0070                     ?_EUSART_SetFramingErrorHandler:	
  1734                           ; 1 bytes @ 0x0
  1735                           
  1736     0070                     ?_EUSART_SetOverrunErrorHandler:	
  1737                           ; 1 bytes @ 0x0
  1738                           
  1739     0070                     ?_EUSART_SetErrorHandler:	
  1740                           ; 1 bytes @ 0x0
  1741                           
  1742     0070                     ?_old_light_status:	
  1743                           ; 1 bytes @ 0x0
  1744                           
  1745     0070                     ?_SoftDelay_Start:	
  1746                           ; 1 bytes @ 0x0
  1747                           
  1748     0070                     ?_SoftDelay_IsOneMinuteOver:	
  1749                           ; 1 bytes @ 0x0
  1750                           
  1751     0070                     ?_Read_FLASH:	
  1752                           ; 1 bytes @ 0x0
  1753                           
  1754     0070                     ?_Write_FLASH:	
  1755                           ; 1 bytes @ 0x0
  1756                           
  1757     0070                     ??_Write_FLASH:	
  1758                           ; 1 bytes @ 0x0
  1759                           
  1760     0070                     ?_Unlock_FLASH:	
  1761                           ; 1 bytes @ 0x0
  1762                           
  1763     0070                     ??_Unlock_FLASH:	
  1764                           ; 1 bytes @ 0x0
  1765                           
  1766     0070                     ?_ADC1_Initialize:	
  1767                           ; 1 bytes @ 0x0
  1768                           
  1769     0070                     ??_ADC1_Initialize:	
  1770                           ; 1 bytes @ 0x0
  1771                           
  1772     0070                     ?_SYSTEM_Initialize:	
  1773                           ; 1 bytes @ 0x0
  1774                           
  1775     0070                     ?_TMR0_ISR:	
  1776                           ; 1 bytes @ 0x0
  1777                           
  1778     0070                     ??_TMR0_ISR:	
  1779                           ; 1 bytes @ 0x0
  1780                           
  1781     0070                     ?_INTERRUPT_InterruptManager:	
  1782                           ; 1 bytes @ 0x0
  1783                           
  1784     0070                     ??_INTERRUPT_InterruptManager:	
  1785                           ; 1 bytes @ 0x0
  1786                           
  1787     0070                     ?_main:	
  1788                           ; 1 bytes @ 0x0
  1789                           
  1790     0070                     ?_ADC1_GetConversion:	
  1791                           ; 1 bytes @ 0x0
  1792                           
  1793     0070                     ?_get_TIMER0Status:	
  1794                           ; 2 bytes @ 0x0
  1795                           
  1796     0070                     TMR0_SetInterruptHandler@InterruptHandler:	
  1797                           ; 4 bytes @ 0x0
  1798                           
  1799     0070                     EUSART_SetFramingErrorHandler@interruptHandler:	
  1800                           ; 2 bytes @ 0x0
  1801                           
  1802     0070                     EUSART_SetOverrunErrorHandler@interruptHandler:	
  1803                           ; 2 bytes @ 0x0
  1804                           
  1805     0070                     EUSART_SetErrorHandler@interruptHandler:	
  1806                           ; 2 bytes @ 0x0
  1807                           
  1808     0070                     Read_FLASH@address:	
  1809                           ; 2 bytes @ 0x0
  1810                           
  1811                           
  1812                           ; 2 bytes @ 0x0
  1813     0070                     	ds	2
  1814     0072                     ??_TMR0_Initialize:
  1815     0072                     ??_EUSART_Initialize:	
  1816                           ; 1 bytes @ 0x2
  1817                           
  1818     0072                     ??_TMR0_SetInterruptHandler:	
  1819                           ; 1 bytes @ 0x2
  1820                           
  1821     0072                     ??_EUSART_SetFramingErrorHandler:	
  1822                           ; 1 bytes @ 0x2
  1823                           
  1824     0072                     ??_EUSART_SetOverrunErrorHandler:	
  1825                           ; 1 bytes @ 0x2
  1826                           
  1827     0072                     ??_EUSART_SetErrorHandler:	
  1828                           ; 1 bytes @ 0x2
  1829                           
  1830     0072                     ??_Read_FLASH:	
  1831                           ; 1 bytes @ 0x2
  1832                           
  1833     0072                     ??_ADC1_GetConversion:	
  1834                           ; 1 bytes @ 0x2
  1835                           
  1836     0072                     ??_SYSTEM_Initialize:	
  1837                           ; 1 bytes @ 0x2
  1838                           
  1839     0072                     ?_ReadWrite_HEFlash:	
  1840                           ; 1 bytes @ 0x2
  1841                           
  1842     0072                     ReadWrite_HEFlash@data:	
  1843                           ; 2 bytes @ 0x2
  1844                           
  1845                           
  1846                           ; 1 bytes @ 0x2
  1847     0072                     	ds	1
  1848     0073                     ADC1_GetConversion@channel:
  1849     0073                     ReadWrite_HEFlash@rowstartaddr:	
  1850                           ; 1 bytes @ 0x3
  1851                           
  1852                           
  1853                           ; 2 bytes @ 0x3
  1854     0073                     	ds	1
  1855     0074                     ??_SoftDelay_Start:
  1856     0074                     ??_SoftDelay_IsOneMinuteOver:	
  1857                           ; 1 bytes @ 0x4
  1858                           
  1859     0074                     ??_get_TIMER0Status:	
  1860                           ; 1 bytes @ 0x4
  1861                           
  1862     0074                     SoftDelay_Start@startTime:	
  1863                           ; 1 bytes @ 0x4
  1864                           
  1865                           
  1866                           ; 1 bytes @ 0x4
  1867     0074                     	ds	1
  1868     0075                     ??_ReadWrite_HEFlash:
  1869                           
  1870                           ; 1 bytes @ 0x5
  1871     0075                     	ds	2
  1872     0077                     ReadWrite_HEFlash@addr:
  1873                           
  1874                           ; 2 bytes @ 0x7
  1875     0077                     	ds	2
  1876     0079                     ReadWrite_HEFlash@rw:
  1877                           
  1878                           ; 1 bytes @ 0x9
  1879     0079                     	ds	1
  1880     007A                     ReadWrite_HEFlash@cnt:
  1881                           
  1882                           ; 1 bytes @ 0xA
  1883     007A                     	ds	1
  1884     007B                     ??_old_light_status:
  1885                           
  1886                           ; 1 bytes @ 0xB
  1887     007B                     	ds	2
  1888     007D                     old_light_status@V_light_status_on:
  1889                           
  1890                           ; 1 bytes @ 0xD
  1891     007D                     	ds	1
  1892                           
  1893                           	psect	cstackBANK0
  1894     0020                     __pcstackBANK0:
  1895     0020                     SoftDelay_IsOneMinuteOver@currentCount:
  1896                           
  1897                           ; 4 bytes @ 0x0
  1898     0020                     	ds	4
  1899     0024                     SoftDelay_IsOneMinuteOver@startCount:
  1900                           
  1901                           ; 1 bytes @ 0x4
  1902     0024                     	ds	1
  1903     0025                     ??_main:
  1904                           
  1905                           ; 1 bytes @ 0x5
  1906     0025                     	ds	1
  1907     0026                     main@ldr1:
  1908                           
  1909                           ; 2 bytes @ 0x6
  1910     0026                     	ds	2
  1911     0028                     main@ldr2:
  1912                           
  1913                           ; 2 bytes @ 0x8
  1914     0028                     	ds	2
  1915     002A                     main@myTimer:
  1916                           
  1917                           ; 4 bytes @ 0xA
  1918     002A                     	ds	4
  1919     002E                     main@V_LightStatus:
  1920                           
  1921                           ; 1 bytes @ 0xE
  1922     002E                     	ds	1
  1923                           
  1924                           	psect	maintext
  1925     002F                     __pmaintext:	
  1926 ;;
  1927 ;;Main: autosize = 0, tempsize = 1, incstack = 0, save=0
  1928 ;;
  1929 ;; *************** function _main *****************
  1930 ;; Defined at:
  1931 ;;		line 66 in file "main.c"
  1932 ;; Parameters:    Size  Location     Type
  1933 ;;		None
  1934 ;; Auto vars:     Size  Location     Type
  1935 ;;  myTimer         4   10[BANK0 ] unsigned long 
  1936 ;;  ldr2            2    8[BANK0 ] unsigned short 
  1937 ;;  ldr1            2    6[BANK0 ] unsigned short 
  1938 ;;  V_LightStatu    1   14[BANK0 ] _Bool 
  1939 ;; Return value:  Size  Location     Type
  1940 ;;                  1    wreg      void 
  1941 ;; Registers used:
  1942 ;;		wreg, fsr1l, fsr1h, status,2, status,0, pclath, cstack
  1943 ;; Tracked objects:
  1944 ;;		On entry : B1F/0
  1945 ;;		On exit  : 0/0
  1946 ;;		Unchanged: 0/0
  1947 ;; Data sizes:     COMMON   BANK0   BANK1   BANK2
  1948 ;;      Params:         0       0       0       0
  1949 ;;      Locals:         0       9       0       0
  1950 ;;      Temps:          0       1       0       0
  1951 ;;      Totals:         0      10       0       0
  1952 ;;Total ram usage:       10 bytes
  1953 ;; Hardware stack levels required when called: 6
  1954 ;; This function calls:
  1955 ;;		_ADC1_GetConversion
  1956 ;;		_ReadWrite_HEFlash
  1957 ;;		_SYSTEM_Initialize
  1958 ;;		_SoftDelay_IsOneMinuteOver
  1959 ;;		_SoftDelay_Start
  1960 ;;		_old_light_status
  1961 ;; This function is called by:
  1962 ;;		Startup code after reset
  1963 ;; This function uses a non-reentrant model
  1964 ;;
  1965                           
  1966     002F                     _main:	
  1967                           ;psect for function _main
  1968                           
  1969     002F                     l1388:	
  1970                           ;incstack = 0
  1971                           ; Regs used in _main: [wreg+fsr1l+fsr1h+status,2+status,0+pclath+cstack]
  1972                           
  1973                           
  1974                           ;main.c: 69:     SYSTEM_Initialize();
  1975     002F  3182  2227  3180   	fcall	_SYSTEM_Initialize
  1976     0032                     l1390:
  1977     0032  0021               	movlb	1	; select bank1
  1978     0033  128C               	bcf	12,5	;volatile
  1979     0034                     l1392:
  1980     0034                     l1394:
  1981     0034                     l1396:
  1982                           
  1983                           ;main.c: 75:     _Bool V_LightStatus;;main.c: 76:     uint32_t myTimer = 0;
  1984     0034  3000               	movlw	0
  1985     0035  0020               	movlb	0	; select bank0
  1986     0036  00AD               	movwf	main@myTimer+3
  1987     0037  3000               	movlw	0
  1988     0038  00AC               	movwf	main@myTimer+2
  1989     0039  3000               	movlw	0
  1990     003A  00AB               	movwf	main@myTimer+1
  1991     003B  3000               	movlw	0
  1992     003C  00AA               	movwf	main@myTimer
  1993     003D                     l1398:
  1994                           
  1995                           ;main.c: 78:     V_LightStatus =old_light_status();
  1996     003D  3181  219C  3180   	fcall	_old_light_status
  1997     0040  3A00               	xorlw	0
  1998     0041  1D03               	skipz
  1999     0042  2844               	goto	u461
  2000     0043  2846               	goto	u460
  2001     0044                     u461:
  2002     0044  3001               	movlw	1
  2003     0045  2847               	goto	u470
  2004     0046                     u460:
  2005     0046  3000               	movlw	0
  2006     0047                     u470:
  2007     0047  0020               	movlb	0	; select bank0
  2008     0048  00AE               	movwf	main@V_LightStatus
  2009     0049                     l1400:
  2010                           
  2011                           ;main.c: 80: {;main.c: 81:     ldr1 = ADC1_GetConversion(channel_AN0);
  2012     0049  3000               	movlw	0
  2013     004A  3181  21E1  3180   	fcall	_ADC1_GetConversion
  2014     004D  0871               	movf	?_ADC1_GetConversion+1,w
  2015     004E  0020               	movlb	0	; select bank0
  2016     004F  00A7               	movwf	main@ldr1+1
  2017     0050  0870               	movf	?_ADC1_GetConversion,w
  2018     0051  00A6               	movwf	main@ldr1
  2019     0052                     l1402:
  2020                           
  2021                           ;main.c: 82:     _delay((unsigned long)((5)*(4000000/4000.0)));
  2022     0052  3007               	movlw	7
  2023     0053  0020               	movlb	0	; select bank0
  2024     0054  00A5               	movwf	??_main
  2025     0055  307D               	movlw	125
  2026     0056                     u567:
  2027     0056  0B89               	decfsz	9,f
  2028     0057  2856               	goto	u567
  2029     0058  0BA5               	decfsz	??_main,f
  2030     0059  2856               	goto	u567
  2031                           
  2032                           ;main.c: 83:     ldr2 = ADC1_GetConversion(channel_AN2);
  2033     005A  3002               	movlw	2
  2034     005B  3181  21E1  3180   	fcall	_ADC1_GetConversion
  2035     005E  0871               	movf	?_ADC1_GetConversion+1,w
  2036     005F  0020               	movlb	0	; select bank0
  2037     0060  00A9               	movwf	main@ldr2+1
  2038     0061  0870               	movf	?_ADC1_GetConversion,w
  2039     0062  00A8               	movwf	main@ldr2
  2040     0063                     l1404:
  2041                           
  2042                           ;main.c: 84:     _delay((unsigned long)((5)*(4000000/4000.0)));
  2043     0063  3007               	movlw	7
  2044     0064  0020               	movlb	0	; select bank0
  2045     0065  00A5               	movwf	??_main
  2046     0066  307D               	movlw	125
  2047     0067                     u577:
  2048     0067  0B89               	decfsz	9,f
  2049     0068  2867               	goto	u577
  2050     0069  0BA5               	decfsz	??_main,f
  2051     006A  2867               	goto	u577
  2052     006B                     l1406:
  2053                           
  2054                           ;main.c: 88:     if (ldr1 > 750 && ldr2 > 750)
  2055     006B  3002               	movlw	2
  2056     006C  0020               	movlb	0	; select bank0
  2057     006D  0227               	subwf	main@ldr1+1,w
  2058     006E  30EF               	movlw	239
  2059     006F  1903               	skipnz
  2060     0070  0226               	subwf	main@ldr1,w
  2061     0071  1C03               	skipc
  2062     0072  2874               	goto	u481
  2063     0073  2875               	goto	u480
  2064     0074                     u481:
  2065     0074  28BD               	goto	l1430
  2066     0075                     u480:
  2067     0075                     l1408:
  2068     0075  3002               	movlw	2
  2069     0076  0229               	subwf	main@ldr2+1,w
  2070     0077  30EF               	movlw	239
  2071     0078  1903               	skipnz
  2072     0079  0228               	subwf	main@ldr2,w
  2073     007A  1C03               	skipc
  2074     007B  287D               	goto	u491
  2075     007C  287E               	goto	u490
  2076     007D                     u491:
  2077     007D  28BD               	goto	l1430
  2078     007E                     u490:
  2079     007E                     l1410:
  2080                           
  2081                           ;main.c: 89:     {;main.c: 90:         if (V_LightStatus == 0)
  2082     007E  082E               	movf	main@V_LightStatus,w
  2083     007F  1D03               	btfss	3,2
  2084     0080  2882               	goto	u501
  2085     0081  2883               	goto	u500
  2086     0082                     u501:
  2087     0082  289F               	goto	l1420
  2088     0083                     u500:
  2089     0083                     l275:	
  2090                           ;main.c: 91:         {;main.c: 93:             do { LATAbits.LATA5 = 1; } while(0);
  2091                           
  2092     0083  0022               	movlb	2	; select bank2
  2093     0084  168C               	bsf	12,5	;volatile
  2094     0085                     l276:
  2095                           
  2096                           ;main.c: 94:             V_LightStatus = 1;
  2097     0085  0020               	movlb	0	; select bank0
  2098     0086  01AE               	clrf	main@V_LightStatus
  2099     0087  0AAE               	incf	main@V_LightStatus,f
  2100     0088                     l1412:
  2101                           
  2102                           ;main.c: 96:             SoftDelay_Start(&myTimer);
  2103     0088  302A               	movlw	(low (main@myTimer| 0))& (0+255)
  2104     0089  3182  223A  3180   	fcall	_SoftDelay_Start
  2105     008C                     l1414:
  2106                           
  2107                           ;main.c: 99:             if (V_LightStatus != last_saved_status)
  2108     008C  0020               	movlb	0	; select bank0
  2109     008D  0346               	decf	_last_saved_status,w
  2110     008E  1903               	btfsc	3,2
  2111     008F  2891               	goto	u511
  2112     0090  2892               	goto	u510
  2113     0091                     u511:
  2114     0091  289F               	goto	l1420
  2115     0092                     u510:
  2116     0092                     l1416:
  2117                           
  2118                           ;main.c: 100:             {;main.c: 101:                 ReadWrite_HEFlash(1, V_LightSta
      +                          tus, 0x0780);
  2119     0092  01F2               	clrf	ReadWrite_HEFlash@data
  2120     0093  0AF2               	incf	ReadWrite_HEFlash@data,f
  2121     0094  3080               	movlw	128
  2122     0095  00F3               	movwf	ReadWrite_HEFlash@rowstartaddr
  2123     0096  3007               	movlw	7
  2124     0097  00F4               	movwf	ReadWrite_HEFlash@rowstartaddr+1
  2125     0098  3001               	movlw	1
  2126     0099  3180  20E0  3180   	fcall	_ReadWrite_HEFlash
  2127     009C                     l1418:
  2128                           
  2129                           ;main.c: 102:                 last_saved_status = V_LightStatus;
  2130     009C  0020               	movlb	0	; select bank0
  2131     009D  01C6               	clrf	_last_saved_status
  2132     009E  0AC6               	incf	_last_saved_status,f
  2133     009F                     l1420:
  2134                           
  2135                           ;main.c: 106:         if (SoftDelay_IsOneMinuteOver(&myTimer))
  2136     009F  302A               	movlw	(low (main@myTimer| 0))& (0+255)
  2137     00A0  3181  2155  3180   	fcall	_SoftDelay_IsOneMinuteOver
  2138     00A3  3A00               	xorlw	0
  2139     00A4  1903               	skipnz
  2140     00A5  28A7               	goto	u521
  2141     00A6  28A8               	goto	u520
  2142     00A7                     u521:
  2143     00A7  28D5               	goto	l1440
  2144     00A8                     u520:
  2145     00A8                     l279:	
  2146                           ;main.c: 107:         {;main.c: 108:             do { LATAbits.LATA5 = 0; } while(0);
  2147                           
  2148     00A8  0022               	movlb	2	; select bank2
  2149     00A9  128C               	bcf	12,5	;volatile
  2150     00AA                     l1422:
  2151                           
  2152                           ;main.c: 109:             V_LightStatus = 0;
  2153     00AA  0020               	movlb	0	; select bank0
  2154     00AB  01AE               	clrf	main@V_LightStatus
  2155     00AC                     l1424:
  2156                           
  2157                           ;main.c: 112:             if (V_LightStatus != last_saved_status)
  2158     00AC  0846               	movf	_last_saved_status,w
  2159     00AD  1903               	btfsc	3,2
  2160     00AE  28B0               	goto	u531
  2161     00AF  28B1               	goto	u530
  2162     00B0                     u531:
  2163     00B0  28D5               	goto	l1440
  2164     00B1                     u530:
  2165     00B1                     l1426:
  2166                           
  2167                           ;main.c: 113:             {;main.c: 114:                 ReadWrite_HEFlash(1, V_LightSta
      +                          tus, 0x0780);
  2168     00B1  01F2               	clrf	ReadWrite_HEFlash@data
  2169     00B2  3080               	movlw	128
  2170     00B3  00F3               	movwf	ReadWrite_HEFlash@rowstartaddr
  2171     00B4  3007               	movlw	7
  2172     00B5  00F4               	movwf	ReadWrite_HEFlash@rowstartaddr+1
  2173     00B6  3001               	movlw	1
  2174     00B7  3180  20E0  3180   	fcall	_ReadWrite_HEFlash
  2175     00BA                     l1428:
  2176                           
  2177                           ;main.c: 115:                 last_saved_status = V_LightStatus;
  2178     00BA  0020               	movlb	0	; select bank0
  2179     00BB  01C6               	clrf	_last_saved_status
  2180     00BC  28D5               	goto	l1440
  2181     00BD                     l1430:
  2182                           
  2183                           ;main.c: 120:     {;main.c: 121:         if (V_LightStatus == 1)
  2184     00BD  032E               	decf	main@V_LightStatus,w
  2185     00BE  1D03               	btfss	3,2
  2186     00BF  28C1               	goto	u541
  2187     00C0  28C2               	goto	u540
  2188     00C1                     u541:
  2189     00C1  28D5               	goto	l1440
  2190     00C2                     u540:
  2191     00C2                     l284:	
  2192                           ;main.c: 122:         {;main.c: 123:             do { LATAbits.LATA5 = 0; } while(0);
  2193                           
  2194     00C2  0022               	movlb	2	; select bank2
  2195     00C3  128C               	bcf	12,5	;volatile
  2196     00C4                     l1432:
  2197                           
  2198                           ;main.c: 124:             V_LightStatus = 0;
  2199     00C4  0020               	movlb	0	; select bank0
  2200     00C5  01AE               	clrf	main@V_LightStatus
  2201     00C6                     l1434:
  2202                           
  2203                           ;main.c: 127:             if (V_LightStatus != last_saved_status)
  2204     00C6  0846               	movf	_last_saved_status,w
  2205     00C7  1903               	btfsc	3,2
  2206     00C8  28CA               	goto	u551
  2207     00C9  28CB               	goto	u550
  2208     00CA                     u551:
  2209     00CA  28D5               	goto	l1440
  2210     00CB                     u550:
  2211     00CB                     l1436:
  2212                           
  2213                           ;main.c: 128:             {;main.c: 129:                 ReadWrite_HEFlash(1, V_LightSta
      +                          tus, 0x0780);
  2214     00CB  01F2               	clrf	ReadWrite_HEFlash@data
  2215     00CC  3080               	movlw	128
  2216     00CD  00F3               	movwf	ReadWrite_HEFlash@rowstartaddr
  2217     00CE  3007               	movlw	7
  2218     00CF  00F4               	movwf	ReadWrite_HEFlash@rowstartaddr+1
  2219     00D0  3001               	movlw	1
  2220     00D1  3180  20E0  3180   	fcall	_ReadWrite_HEFlash
  2221     00D4  28BA               	goto	l1428
  2222     00D5                     l1440:
  2223                           
  2224                           ;main.c: 135:     _delay((unsigned long)((100)*(4000000/4000.0)));
  2225     00D5  3082               	movlw	130
  2226     00D6  0020               	movlb	0	; select bank0
  2227     00D7  00A5               	movwf	??_main
  2228     00D8  30DD               	movlw	221
  2229     00D9                     u587:
  2230     00D9  0B89               	decfsz	9,f
  2231     00DA  28D9               	goto	u587
  2232     00DB  0BA5               	decfsz	??_main,f
  2233     00DC  28D9               	goto	u587
  2234     00DD  3200               	nop2
  2235     00DE  2849               	goto	l1400
  2236     00DF  2813               	ljmp	start
  2237     00E0                     __end_of_main:
  2238                           
  2239                           	psect	text1
  2240     019C                     __ptext1:	
  2241 ;; *************** function _old_light_status *****************
  2242 ;; Defined at:
  2243 ;;		line 168 in file "PIC12_HEFlash.c"
  2244 ;; Parameters:    Size  Location     Type
  2245 ;;		None
  2246 ;; Auto vars:     Size  Location     Type
  2247 ;;  V_light_stat    1   13[COMMON] unsigned char 
  2248 ;; Return value:  Size  Location     Type
  2249 ;;                  1    wreg      unsigned char 
  2250 ;; Registers used:
  2251 ;;		wreg, status,2, status,0, pclath, cstack
  2252 ;; Tracked objects:
  2253 ;;		On entry : 0/0
  2254 ;;		On exit  : 0/0
  2255 ;;		Unchanged: 0/0
  2256 ;; Data sizes:     COMMON   BANK0   BANK1   BANK2
  2257 ;;      Params:         0       0       0       0
  2258 ;;      Locals:         1       0       0       0
  2259 ;;      Temps:          2       0       0       0
  2260 ;;      Totals:         3       0       0       0
  2261 ;;Total ram usage:        3 bytes
  2262 ;; Hardware stack levels used: 1
  2263 ;; Hardware stack levels required when called: 5
  2264 ;; This function calls:
  2265 ;;		_ReadWrite_HEFlash
  2266 ;; This function is called by:
  2267 ;;		_main
  2268 ;; This function uses a non-reentrant model
  2269 ;;
  2270                           
  2271     019C                     _old_light_status:	
  2272                           ;psect for function _old_light_status
  2273                           
  2274     019C                     l1350:	
  2275                           ;incstack = 0
  2276                           ; Regs used in _old_light_status: [wreg+status,2+status,0+pclath+cstack]
  2277                           
  2278                           
  2279                           ;PIC12_HEFlash.c: 170:     unsigned char V_light_status_on = ReadWrite_HEFlash(0, 0x00, 
      +                          0x0780);
  2280     019C  01F2               	clrf	ReadWrite_HEFlash@data
  2281     019D  3080               	movlw	128
  2282     019E  00F3               	movwf	ReadWrite_HEFlash@rowstartaddr
  2283     019F  3007               	movlw	7
  2284     01A0  00F4               	movwf	ReadWrite_HEFlash@rowstartaddr+1
  2285     01A1  3000               	movlw	0
  2286     01A2  3180  20E0  3181   	fcall	_ReadWrite_HEFlash
  2287     01A5  0872               	movf	?_ReadWrite_HEFlash,w
  2288     01A6  00FD               	movwf	old_light_status@V_light_status_on
  2289     01A7                     l1352:
  2290                           
  2291                           ;PIC12_HEFlash.c: 172:     if (V_light_status_on == 1)
  2292     01A7  037D               	decf	old_light_status@V_light_status_on,w
  2293     01A8  1D03               	btfss	3,2
  2294     01A9  29AB               	goto	u421
  2295     01AA  29AC               	goto	u420
  2296     01AB                     u421:
  2297     01AB  29BA               	goto	l360
  2298     01AC                     u420:
  2299     01AC                     l357:	
  2300                           ;PIC12_HEFlash.c: 173:     {;PIC12_HEFlash.c: 174:         do { LATAbits.LATA5 = 1; } wh
      +                          ile(0);
  2301                           
  2302     01AC  0022               	movlb	2	; select bank2
  2303     01AD  168C               	bsf	12,5	;volatile
  2304     01AE                     l1354:
  2305                           
  2306                           ;PIC12_HEFlash.c: 175:         _delay((unsigned long)((1000)*(4000000/4000.0)));
  2307     01AE  3006               	movlw	6
  2308     01AF  00FC               	movwf	??_old_light_status+1
  2309     01B0  3013               	movlw	19
  2310     01B1  00FB               	movwf	??_old_light_status
  2311     01B2  30AE               	movlw	174
  2312     01B3                     u597:
  2313     01B3  0B89               	decfsz	9,f
  2314     01B4  29B3               	goto	u597
  2315     01B5  0BFB               	decfsz	??_old_light_status,f
  2316     01B6  29B3               	goto	u597
  2317     01B7  0BFC               	decfsz	??_old_light_status+1,f
  2318     01B8  29B3               	goto	u597
  2319                           
  2320                           ;PIC12_HEFlash.c: 176:     }
  2321     01B9  29BD               	goto	l359
  2322     01BA                     l360:	
  2323                           ;PIC12_HEFlash.c: 178:     {;PIC12_HEFlash.c: 179:         do { LATAbits.LATA5 = 0; } wh
      +                          ile(0);
  2324                           
  2325     01BA  0022               	movlb	2	; select bank2
  2326     01BB  128C               	bcf	12,5	;volatile
  2327     01BC  29AE               	goto	l1354
  2328     01BD                     l359:	
  2329                           ;PIC12_HEFlash.c: 181:     }
  2330                           
  2331                           
  2332                           ;PIC12_HEFlash.c: 183:     return V_light_status_on;
  2333     01BD  087D               	movf	old_light_status@V_light_status_on,w
  2334     01BE                     l362:
  2335     01BE  0008               	return
  2336     01BF                     __end_of_old_light_status:
  2337                           
  2338                           	psect	text2
  2339     00E0                     __ptext2:	
  2340 ;; *************** function _ReadWrite_HEFlash *****************
  2341 ;; Defined at:
  2342 ;;		line 79 in file "PIC12_HEFlash.c"
  2343 ;; Parameters:    Size  Location     Type
  2344 ;;  rw              1    wreg     unsigned char 
  2345 ;;  data            1    2[COMMON] unsigned char 
  2346 ;;  rowstartaddr    2    3[COMMON] unsigned short 
  2347 ;; Auto vars:     Size  Location     Type
  2348 ;;  rw              1    9[COMMON] unsigned char 
  2349 ;;  addr            2    7[COMMON] unsigned short 
  2350 ;;  cnt             1   10[COMMON] unsigned char 
  2351 ;; Return value:  Size  Location     Type
  2352 ;;                  2    2[COMMON] unsigned short 
  2353 ;; Registers used:
  2354 ;;		wreg, status,2, status,0, pclath, cstack
  2355 ;; Tracked objects:
  2356 ;;		On entry : 0/0
  2357 ;;		On exit  : 0/0
  2358 ;;		Unchanged: 0/0
  2359 ;; Data sizes:     COMMON   BANK0   BANK1   BANK2
  2360 ;;      Params:         3       0       0       0
  2361 ;;      Locals:         4       0       0       0
  2362 ;;      Temps:          2       0       0       0
  2363 ;;      Totals:         9       0       0       0
  2364 ;;Total ram usage:        9 bytes
  2365 ;; Hardware stack levels used: 1
  2366 ;; Hardware stack levels required when called: 4
  2367 ;; This function calls:
  2368 ;;		_Read_FLASH
  2369 ;;		_Unlock_FLASH
  2370 ;;		_Write_FLASH
  2371 ;; This function is called by:
  2372 ;;		_main
  2373 ;;		_old_light_status
  2374 ;; This function uses a non-reentrant model
  2375 ;;
  2376                           
  2377     00E0                     _ReadWrite_HEFlash:	
  2378                           ;psect for function _ReadWrite_HEFlash
  2379                           
  2380                           
  2381                           ;incstack = 0
  2382                           ; Regs used in _ReadWrite_HEFlash: [wreg+status,2+status,0+pclath+cstack]
  2383                           ;ReadWrite_HEFlash@rw stored from wreg
  2384     00E0  00F9               	movwf	ReadWrite_HEFlash@rw
  2385     00E1                     l1272:
  2386                           
  2387                           ;PIC12_HEFlash.c: 80:             uint16_t addr;;PIC12_HEFlash.c: 85:             if (rw
      +                           == 1) {
  2388     00E1  0379               	decf	ReadWrite_HEFlash@rw,w
  2389     00E2  1D03               	btfss	3,2
  2390     00E3  28E5               	goto	u321
  2391     00E4  28E6               	goto	u320
  2392     00E5                     u321:
  2393     00E5  28EB               	goto	l1276
  2394     00E6                     u320:
  2395     00E6                     l1274:
  2396                           
  2397                           ;PIC12_HEFlash.c: 86:                 addr = rowstartaddr;
  2398     00E6  0874               	movf	ReadWrite_HEFlash@rowstartaddr+1,w
  2399     00E7  00F8               	movwf	ReadWrite_HEFlash@addr+1
  2400     00E8  0873               	movf	ReadWrite_HEFlash@rowstartaddr,w
  2401     00E9  00F7               	movwf	ReadWrite_HEFlash@addr
  2402                           
  2403                           ;PIC12_HEFlash.c: 87:             } else {
  2404     00EA  28F1               	goto	l1278
  2405     00EB                     l1276:
  2406                           
  2407                           ;PIC12_HEFlash.c: 88:                 addr = (rowstartaddr + 0xF);
  2408     00EB  0873               	movf	ReadWrite_HEFlash@rowstartaddr,w
  2409     00EC  3E0F               	addlw	15
  2410     00ED  00F7               	movwf	ReadWrite_HEFlash@addr
  2411     00EE  3000               	movlw	0
  2412     00EF  3D74               	addwfc	ReadWrite_HEFlash@rowstartaddr+1,w
  2413     00F0  00F8               	movwf	ReadWrite_HEFlash@addr+1
  2414     00F1                     l1278:
  2415                           
  2416                           ;PIC12_HEFlash.c: 90:             uint8_t cnt;;PIC12_HEFlash.c: 93:             for (cnt
      +                           = 0x10; cnt != 0x0; cnt--) {
  2417     00F1  3010               	movlw	16
  2418     00F2  00FA               	movwf	ReadWrite_HEFlash@cnt
  2419     00F3                     l1284:
  2420                           
  2421                           ;PIC12_HEFlash.c: 94:                 Read_FLASH(addr);
  2422     00F3  0878               	movf	ReadWrite_HEFlash@addr+1,w
  2423     00F4  00F1               	movwf	Read_FLASH@address+1
  2424     00F5  0877               	movf	ReadWrite_HEFlash@addr,w
  2425     00F6  00F0               	movwf	Read_FLASH@address
  2426     00F7  3182  2256  3180   	fcall	_Read_FLASH
  2427     00FA                     l1286:
  2428                           
  2429                           ;PIC12_HEFlash.c: 96:                 if (rw == 1) {
  2430     00FA  0379               	decf	ReadWrite_HEFlash@rw,w
  2431     00FB  1D03               	btfss	3,2
  2432     00FC  28FE               	goto	u331
  2433     00FD  28FF               	goto	u330
  2434     00FE                     u331:
  2435     00FE  2934               	goto	l330
  2436     00FF                     u330:
  2437     00FF                     l1288:
  2438                           
  2439                           ;PIC12_HEFlash.c: 97:                     if (PMDATH == 0x3F) {
  2440     00FF  303F               	movlw	63
  2441     0100  0023               	movlb	3	; select bank3
  2442     0101  0614               	xorwf	20,w	;volatile
  2443     0102  1D03               	btfss	3,2
  2444     0103  2905               	goto	u341
  2445     0104  2906               	goto	u340
  2446     0105                     u341:
  2447     0105  2913               	goto	l1294
  2448     0106                     u340:
  2449     0106                     l1290:
  2450                           
  2451                           ;PIC12_HEFlash.c: 98:                         PMDAT = data;
  2452     0106  0872               	movf	ReadWrite_HEFlash@data,w
  2453     0107  00F5               	movwf	??_ReadWrite_HEFlash
  2454     0108  01F6               	clrf	??_ReadWrite_HEFlash+1
  2455     0109  0875               	movf	??_ReadWrite_HEFlash,w
  2456     010A  0093               	movwf	19	;volatile
  2457     010B  0876               	movf	??_ReadWrite_HEFlash+1,w
  2458     010C  0094               	movwf	20	;volatile
  2459     010D  1694               	bsf	404,5	;# 
  2460     010E  1214               	bcf	404,4	;# 
  2461     010F                     l1292:
  2462                           
  2463                           ;PIC12_HEFlash.c: 101:                         Write_FLASH();
  2464     010F  3182  2280  3180   	fcall	_Write_FLASH
  2465                           
  2466                           ;PIC12_HEFlash.c: 102:                         break;
  2467     0112  294D               	goto	l1312
  2468     0113                     l1294:
  2469                           
  2470                           ;PIC12_HEFlash.c: 104:                     addr++;
  2471     0113  3001               	movlw	1
  2472     0114  07F7               	addwf	ReadWrite_HEFlash@addr,f
  2473     0115  3000               	movlw	0
  2474     0116  3DF8               	addwfc	ReadWrite_HEFlash@addr+1,f
  2475                           
  2476                           ;PIC12_HEFlash.c: 107:                     if (cnt <= 0x1) {
  2477     0117  3002               	movlw	2
  2478     0118  027A               	subwf	ReadWrite_HEFlash@cnt,w
  2479     0119  1803               	skipnc
  2480     011A  291C               	goto	u351
  2481     011B  291D               	goto	u350
  2482     011C                     u351:
  2483     011C  2946               	goto	l1308
  2484     011D                     u350:
  2485     011D                     l1296:
  2486                           
  2487                           ;PIC12_HEFlash.c: 109:                         PMCON1 = 0b00010100;
  2488     011D  3014               	movlw	20
  2489     011E  0095               	movwf	21	;volatile
  2490                           
  2491                           ;PIC12_HEFlash.c: 110:                         PMADR = rowstartaddr;
  2492     011F  0874               	movf	ReadWrite_HEFlash@rowstartaddr+1,w
  2493     0120  0092               	movwf	18	;volatile
  2494     0121  0873               	movf	ReadWrite_HEFlash@rowstartaddr,w
  2495     0122  0091               	movwf	17	;volatile
  2496     0123                     l1298:
  2497                           
  2498                           ;PIC12_HEFlash.c: 111:                         Unlock_FLASH();
  2499     0123  3182  224A  3180   	fcall	_Unlock_FLASH
  2500     0126                     l1300:
  2501                           
  2502                           ;PIC12_HEFlash.c: 113:                         PMDAT = data;
  2503     0126  0872               	movf	ReadWrite_HEFlash@data,w
  2504     0127  00F5               	movwf	??_ReadWrite_HEFlash
  2505     0128  01F6               	clrf	??_ReadWrite_HEFlash+1
  2506     0129  0875               	movf	??_ReadWrite_HEFlash,w
  2507     012A  0023               	movlb	3	; select bank3
  2508     012B  0093               	movwf	19	;volatile
  2509     012C  0876               	movf	??_ReadWrite_HEFlash+1,w
  2510     012D  0094               	movwf	20	;volatile
  2511     012E  1694               	bsf	404,5	;# 
  2512     012F  1214               	bcf	404,4	;# 
  2513                           
  2514                           ;PIC12_HEFlash.c: 116:                         Write_FLASH();
  2515     0130  3182  2280  3180   	fcall	_Write_FLASH
  2516     0133  2946               	goto	l1308
  2517     0134                     l330:
  2518                           
  2519                           ;PIC12_HEFlash.c: 119:                     if ((PMDATH & 0x20) && (PMDATH != 0x3F)) {
  2520     0134  0023               	movlb	3	; select bank3
  2521     0135  1E94               	btfss	20,5	;volatile
  2522     0136  2938               	goto	u361
  2523     0137  2939               	goto	u360
  2524     0138                     u361:
  2525     0138  2942               	goto	l1306
  2526     0139                     u360:
  2527     0139                     l1302:
  2528     0139  303F               	movlw	63
  2529     013A  0614               	xorwf	20,w	;volatile
  2530     013B  1903               	btfsc	3,2
  2531     013C  293E               	goto	u371
  2532     013D  293F               	goto	u370
  2533     013E                     u371:
  2534     013E  2942               	goto	l1306
  2535     013F                     u370:
  2536     013F                     l1304:
  2537                           
  2538                           ;PIC12_HEFlash.c: 120:                         data = (PMDAT & 0xFFF);
  2539     013F  0813               	movf	19,w	;volatile
  2540     0140  00F2               	movwf	ReadWrite_HEFlash@data
  2541                           
  2542                           ;PIC12_HEFlash.c: 121:                         break;
  2543     0141  294D               	goto	l1312
  2544     0142                     l1306:
  2545                           
  2546                           ;PIC12_HEFlash.c: 123:                     addr--;
  2547     0142  3001               	movlw	1
  2548     0143  02F7               	subwf	ReadWrite_HEFlash@addr,f
  2549     0144  3000               	movlw	0
  2550     0145  3BF8               	subwfb	ReadWrite_HEFlash@addr+1,f
  2551     0146                     l1308:
  2552                           
  2553                           ;PIC12_HEFlash.c: 126:             }
  2554     0146  3001               	movlw	1
  2555     0147  02FA               	subwf	ReadWrite_HEFlash@cnt,f
  2556     0148                     l1310:
  2557     0148  087A               	movf	ReadWrite_HEFlash@cnt,w
  2558     0149  1D03               	btfss	3,2
  2559     014A  294C               	goto	u381
  2560     014B  294D               	goto	u380
  2561     014C                     u381:
  2562     014C  28F3               	goto	l1284
  2563     014D                     u380:
  2564     014D                     l1312:
  2565                           
  2566                           ;PIC12_HEFlash.c: 127:             return data ;
  2567     014D  0872               	movf	ReadWrite_HEFlash@data,w
  2568     014E  00F5               	movwf	??_ReadWrite_HEFlash
  2569     014F  01F6               	clrf	??_ReadWrite_HEFlash+1
  2570     0150  0875               	movf	??_ReadWrite_HEFlash,w
  2571     0151  00F2               	movwf	?_ReadWrite_HEFlash
  2572     0152  0876               	movf	??_ReadWrite_HEFlash+1,w
  2573     0153  00F3               	movwf	?_ReadWrite_HEFlash+1
  2574     0154                     l335:
  2575     0154  0008               	return
  2576     0155                     __end_of_ReadWrite_HEFlash:
  2577                           
  2578                           	psect	text3
  2579     0280                     __ptext3:	
  2580 ;; *************** function _Write_FLASH *****************
  2581 ;; Defined at:
  2582 ;;		line 159 in file "PIC12_HEFlash.c"
  2583 ;; Parameters:    Size  Location     Type
  2584 ;;		None
  2585 ;; Auto vars:     Size  Location     Type
  2586 ;;		None
  2587 ;; Return value:  Size  Location     Type
  2588 ;;                  1    wreg      void 
  2589 ;; Registers used:
  2590 ;;		wreg, status,2, status,0, pclath, cstack
  2591 ;; Tracked objects:
  2592 ;;		On entry : 0/0
  2593 ;;		On exit  : 0/0
  2594 ;;		Unchanged: 0/0
  2595 ;; Data sizes:     COMMON   BANK0   BANK1   BANK2
  2596 ;;      Params:         0       0       0       0
  2597 ;;      Locals:         0       0       0       0
  2598 ;;      Temps:          0       0       0       0
  2599 ;;      Totals:         0       0       0       0
  2600 ;;Total ram usage:        0 bytes
  2601 ;; Hardware stack levels used: 1
  2602 ;; Hardware stack levels required when called: 3
  2603 ;; This function calls:
  2604 ;;		_Unlock_FLASH
  2605 ;; This function is called by:
  2606 ;;		_ReadWrite_HEFlash
  2607 ;; This function uses a non-reentrant model
  2608 ;;
  2609                           
  2610     0280                     _Write_FLASH:	
  2611                           ;psect for function _Write_FLASH
  2612                           
  2613     0280                     l1212:	
  2614                           ;incstack = 0
  2615                           ; Regs used in _Write_FLASH: [wreg+status,2+status,0+pclath+cstack]
  2616                           
  2617                           
  2618                           ;PIC12_HEFlash.c: 162:     PMCON1 = 0b00000100;
  2619     0280  3004               	movlw	4
  2620     0281  0023               	movlb	3	; select bank3
  2621     0282  0095               	movwf	21	;volatile
  2622     0283                     l1214:
  2623                           
  2624                           ;PIC12_HEFlash.c: 163:     Unlock_FLASH();
  2625     0283  3182  224A  3182   	fcall	_Unlock_FLASH
  2626     0286                     l353:
  2627     0286  0008               	return
  2628     0287                     __end_of_Write_FLASH:
  2629                           
  2630                           	psect	text4
  2631     024A                     __ptext4:	
  2632 ;; *************** function _Unlock_FLASH *****************
  2633 ;; Defined at:
  2634 ;;		line 151 in file "PIC12_HEFlash.c"
  2635 ;; Parameters:    Size  Location     Type
  2636 ;;		None
  2637 ;; Auto vars:     Size  Location     Type
  2638 ;;		None
  2639 ;; Return value:  Size  Location     Type
  2640 ;;                  1    wreg      void 
  2641 ;; Registers used:
  2642 ;;		wreg
  2643 ;; Tracked objects:
  2644 ;;		On entry : 0/0
  2645 ;;		On exit  : 0/0
  2646 ;;		Unchanged: 0/0
  2647 ;; Data sizes:     COMMON   BANK0   BANK1   BANK2
  2648 ;;      Params:         0       0       0       0
  2649 ;;      Locals:         0       0       0       0
  2650 ;;      Temps:          0       0       0       0
  2651 ;;      Totals:         0       0       0       0
  2652 ;;Total ram usage:        0 bytes
  2653 ;; Hardware stack levels used: 1
  2654 ;; Hardware stack levels required when called: 2
  2655 ;; This function calls:
  2656 ;;		Nothing
  2657 ;; This function is called by:
  2658 ;;		_ReadWrite_HEFlash
  2659 ;;		_Write_FLASH
  2660 ;; This function uses a non-reentrant model
  2661 ;;
  2662                           
  2663     024A                     _Unlock_FLASH:	
  2664                           ;psect for function _Unlock_FLASH
  2665                           
  2666     024A                     l1198:	
  2667                           ;incstack = 0
  2668                           ; Regs used in _Unlock_FLASH: [wreg]
  2669                           
  2670                           
  2671                           ;PIC12_HEFlash.c: 152:     PMCON2 = 0x55;
  2672     024A  3055               	movlw	85
  2673     024B  0023               	movlb	3	; select bank3
  2674     024C  0096               	movwf	22	;volsfr
  2675                           
  2676                           ;PIC12_HEFlash.c: 153:     PMCON2 = 0xAA;
  2677     024D  30AA               	movlw	170
  2678     024E  0096               	movwf	22	;volsfr
  2679     024F                     l1200:
  2680                           
  2681                           ;PIC12_HEFlash.c: 154:     WR = 1;
  2682     024F  1495               	bsf	21,1	;volatile
  2683     0250                     l347:	
  2684                           ;PIC12_HEFlash.c: 155:     while (WR);
  2685                           
  2686     0250  1895               	btfsc	21,1	;volatile
  2687     0251  2A53               	goto	u301
  2688     0252  2A54               	goto	u300
  2689     0253                     u301:
  2690     0253  2A50               	goto	l347
  2691     0254                     u300:
  2692     0254                     l349:
  2693                           
  2694                           ;PIC12_HEFlash.c: 156:     WREN = 0;
  2695     0254  1115               	bcf	21,2	;volatile
  2696     0255                     l350:
  2697     0255  0008               	return
  2698     0256                     __end_of_Unlock_FLASH:
  2699                           
  2700                           	psect	text5
  2701     0256                     __ptext5:	
  2702 ;; *************** function _Read_FLASH *****************
  2703 ;; Defined at:
  2704 ;;		line 144 in file "PIC12_HEFlash.c"
  2705 ;; Parameters:    Size  Location     Type
  2706 ;;  address         2    0[COMMON] unsigned short 
  2707 ;; Auto vars:     Size  Location     Type
  2708 ;;		None
  2709 ;; Return value:  Size  Location     Type
  2710 ;;                  1    wreg      void 
  2711 ;; Registers used:
  2712 ;;		wreg
  2713 ;; Tracked objects:
  2714 ;;		On entry : 0/0
  2715 ;;		On exit  : 0/0
  2716 ;;		Unchanged: 0/0
  2717 ;; Data sizes:     COMMON   BANK0   BANK1   BANK2
  2718 ;;      Params:         2       0       0       0
  2719 ;;      Locals:         0       0       0       0
  2720 ;;      Temps:          0       0       0       0
  2721 ;;      Totals:         2       0       0       0
  2722 ;;Total ram usage:        2 bytes
  2723 ;; Hardware stack levels used: 1
  2724 ;; Hardware stack levels required when called: 2
  2725 ;; This function calls:
  2726 ;;		Nothing
  2727 ;; This function is called by:
  2728 ;;		_ReadWrite_HEFlash
  2729 ;; This function uses a non-reentrant model
  2730 ;;
  2731                           
  2732     0256                     _Read_FLASH:	
  2733                           ;psect for function _Read_FLASH
  2734                           
  2735     0256                     l1210:	
  2736                           ;incstack = 0
  2737                           ; Regs used in _Read_FLASH: [wreg]
  2738                           
  2739                           
  2740                           ;PIC12_HEFlash.c: 146:         PMADR = address;
  2741     0256  0871               	movf	Read_FLASH@address+1,w
  2742     0257  0023               	movlb	3	; select bank3
  2743     0258  0092               	movwf	18	;volatile
  2744     0259  0870               	movf	Read_FLASH@address,w
  2745     025A  0091               	movwf	17	;volatile
  2746                           
  2747                           ;PIC12_HEFlash.c: 147:         PMCON1 = 0b00000001;
  2748     025B  3001               	movlw	1
  2749     025C  0095               	movwf	21	;volatile
  2750     025D                     l341:	
  2751                           ;PIC12_HEFlash.c: 148:         while (RD);
  2752                           
  2753     025D  1815               	btfsc	21,0	;volatile
  2754     025E  2A60               	goto	u311
  2755     025F  2A61               	goto	u310
  2756     0260                     u311:
  2757     0260  2A5D               	goto	l341
  2758     0261                     u310:
  2759     0261                     l344:
  2760     0261  0008               	return
  2761     0262                     __end_of_Read_FLASH:
  2762                           
  2763                           	psect	text6
  2764     023A                     __ptext6:	
  2765 ;; *************** function _SoftDelay_Start *****************
  2766 ;; Defined at:
  2767 ;;		line 7 in file "Softdelay.c"
  2768 ;; Parameters:    Size  Location     Type
  2769 ;;  startTime       1    wreg     PTR unsigned long 
  2770 ;;		 -> main@myTimer(4), 
  2771 ;; Auto vars:     Size  Location     Type
  2772 ;;  startTime       1    4[COMMON] PTR unsigned long 
  2773 ;;		 -> main@myTimer(4), 
  2774 ;; Return value:  Size  Location     Type
  2775 ;;                  1    wreg      void 
  2776 ;; Registers used:
  2777 ;;		wreg, fsr1l, fsr1h, pclath, cstack
  2778 ;; Tracked objects:
  2779 ;;		On entry : 0/0
  2780 ;;		On exit  : 0/0
  2781 ;;		Unchanged: 0/0
  2782 ;; Data sizes:     COMMON   BANK0   BANK1   BANK2
  2783 ;;      Params:         0       0       0       0
  2784 ;;      Locals:         1       0       0       0
  2785 ;;      Temps:          0       0       0       0
  2786 ;;      Totals:         1       0       0       0
  2787 ;;Total ram usage:        1 bytes
  2788 ;; Hardware stack levels used: 1
  2789 ;; Hardware stack levels required when called: 3
  2790 ;; This function calls:
  2791 ;;		_get_TIMER0Status
  2792 ;; This function is called by:
  2793 ;;		_main
  2794 ;; This function uses a non-reentrant model
  2795 ;;
  2796                           
  2797     023A                     _SoftDelay_Start:	
  2798                           ;psect for function _SoftDelay_Start
  2799                           
  2800                           
  2801                           ;incstack = 0
  2802                           ; Regs used in _SoftDelay_Start: [wreg+fsr1l+fsr1h+pclath+cstack]
  2803                           ;SoftDelay_Start@startTime stored from wreg
  2804     023A  00F4               	movwf	SoftDelay_Start@startTime
  2805     023B                     l1360:
  2806                           
  2807                           ;Softdelay.c: 7: void SoftDelay_Start(uint32_t *startTime);Softdelay.c: 8: {;Softdelay.c
      +                          : 9:     *startTime = get_TIMER0Status();
  2808     023B  3182  226D  3182   	fcall	_get_TIMER0Status
  2809     023E  0874               	movf	SoftDelay_Start@startTime,w
  2810     023F  0086               	movwf	6
  2811     0240  0187               	clrf	7
  2812     0241  0870               	movf	?_get_TIMER0Status,w
  2813     0242  3FC0               	movwi [0]fsr1
  2814     0243  0871               	movf	?_get_TIMER0Status+1,w
  2815     0244  3FC1               	movwi [1]fsr1
  2816     0245  0872               	movf	?_get_TIMER0Status+2,w
  2817     0246  3FC2               	movwi [2]fsr1
  2818     0247  0873               	movf	?_get_TIMER0Status+3,w
  2819     0248  3FC3               	movwi [3]fsr1
  2820     0249                     l369:
  2821     0249  0008               	return
  2822     024A                     __end_of_SoftDelay_Start:
  2823                           
  2824                           	psect	text7
  2825     0155                     __ptext7:	
  2826 ;; *************** function _SoftDelay_IsOneMinuteOver *****************
  2827 ;; Defined at:
  2828 ;;		line 41 in file "Softdelay.c"
  2829 ;; Parameters:    Size  Location     Type
  2830 ;;  startCount      1    wreg     PTR unsigned long 
  2831 ;;		 -> main@myTimer(4), 
  2832 ;; Auto vars:     Size  Location     Type
  2833 ;;  startCount      1    4[BANK0 ] PTR unsigned long 
  2834 ;;		 -> main@myTimer(4), 
  2835 ;;  currentCount    4    0[BANK0 ] unsigned long 
  2836 ;; Return value:  Size  Location     Type
  2837 ;;                  1    wreg      _Bool 
  2838 ;; Registers used:
  2839 ;;		wreg, fsr1l, fsr1h, status,2, status,0, pclath, cstack
  2840 ;; Tracked objects:
  2841 ;;		On entry : 0/0
  2842 ;;		On exit  : 0/0
  2843 ;;		Unchanged: 0/0
  2844 ;; Data sizes:     COMMON   BANK0   BANK1   BANK2
  2845 ;;      Params:         0       0       0       0
  2846 ;;      Locals:         0       5       0       0
  2847 ;;      Temps:          8       0       0       0
  2848 ;;      Totals:         8       5       0       0
  2849 ;;Total ram usage:       13 bytes
  2850 ;; Hardware stack levels used: 1
  2851 ;; Hardware stack levels required when called: 3
  2852 ;; This function calls:
  2853 ;;		_get_TIMER0Status
  2854 ;; This function is called by:
  2855 ;;		_main
  2856 ;; This function uses a non-reentrant model
  2857 ;;
  2858                           
  2859     0155                     _SoftDelay_IsOneMinuteOver:	
  2860                           ;psect for function _SoftDelay_IsOneMinuteOver
  2861                           
  2862                           
  2863                           ;incstack = 0
  2864                           ; Regs used in _SoftDelay_IsOneMinuteOver: [wreg+fsr1l+fsr1h+status,2+status,0+pclath+cs
      +                          tack]
  2865                           ;SoftDelay_IsOneMinuteOver@startCount stored from wreg
  2866     0155  0020               	movlb	0	; select bank0
  2867     0156  00A4               	movwf	SoftDelay_IsOneMinuteOver@startCount
  2868     0157                     l1362:
  2869                           
  2870                           ;Softdelay.c: 41: _Bool SoftDelay_IsOneMinuteOver(uint32_t *startCount);Softdelay.c: 42:
      +                           {;Softdelay.c: 43:     uint32_t currentCount = get_TIMER0Status();
  2871     0157  3182  226D  3181   	fcall	_get_TIMER0Status
  2872     015A  0873               	movf	?_get_TIMER0Status+3,w
  2873     015B  0020               	movlb	0	; select bank0
  2874     015C  00A3               	movwf	SoftDelay_IsOneMinuteOver@currentCount+3
  2875     015D  0872               	movf	?_get_TIMER0Status+2,w
  2876     015E  00A2               	movwf	SoftDelay_IsOneMinuteOver@currentCount+2
  2877     015F  0871               	movf	?_get_TIMER0Status+1,w
  2878     0160  00A1               	movwf	SoftDelay_IsOneMinuteOver@currentCount+1
  2879     0161  0870               	movf	?_get_TIMER0Status,w
  2880     0162  00A0               	movwf	SoftDelay_IsOneMinuteOver@currentCount
  2881     0163                     l1364:
  2882                           
  2883                           ;Softdelay.c: 44:     if ((currentCount - *startCount) >= 916)
  2884     0163  0824               	movf	SoftDelay_IsOneMinuteOver@startCount,w
  2885     0164  0086               	movwf	6
  2886     0165  0187               	clrf	7
  2887     0166  3F40               	moviw [0]fsr1
  2888     0167  00F4               	movwf	??_SoftDelay_IsOneMinuteOver
  2889     0168  3F41               	moviw [1]fsr1
  2890     0169  00F5               	movwf	??_SoftDelay_IsOneMinuteOver+1
  2891     016A  3F42               	moviw [2]fsr1
  2892     016B  00F6               	movwf	??_SoftDelay_IsOneMinuteOver+2
  2893     016C  3F43               	moviw [3]fsr1
  2894     016D  00F7               	movwf	??_SoftDelay_IsOneMinuteOver+3
  2895     016E  0820               	movf	SoftDelay_IsOneMinuteOver@currentCount,w
  2896     016F  00F8               	movwf	??_SoftDelay_IsOneMinuteOver+4
  2897     0170  0821               	movf	SoftDelay_IsOneMinuteOver@currentCount+1,w
  2898     0171  00F9               	movwf	??_SoftDelay_IsOneMinuteOver+5
  2899     0172  0822               	movf	SoftDelay_IsOneMinuteOver@currentCount+2,w
  2900     0173  00FA               	movwf	??_SoftDelay_IsOneMinuteOver+6
  2901     0174  0823               	movf	SoftDelay_IsOneMinuteOver@currentCount+3,w
  2902     0175  00FB               	movwf	??_SoftDelay_IsOneMinuteOver+7
  2903     0176  0874               	movf	??_SoftDelay_IsOneMinuteOver,w
  2904     0177  02F8               	subwf	??_SoftDelay_IsOneMinuteOver+4,f
  2905     0178  0875               	movf	??_SoftDelay_IsOneMinuteOver+1,w
  2906     0179  3BF9               	subwfb	??_SoftDelay_IsOneMinuteOver+5,f
  2907     017A  0876               	movf	??_SoftDelay_IsOneMinuteOver+2,w
  2908     017B  3BFA               	subwfb	??_SoftDelay_IsOneMinuteOver+6,f
  2909     017C  0877               	movf	??_SoftDelay_IsOneMinuteOver+3,w
  2910     017D  3BFB               	subwfb	??_SoftDelay_IsOneMinuteOver+7,f
  2911     017E  087B               	movf	??_SoftDelay_IsOneMinuteOver+7,w
  2912     017F  1D03               	btfss	3,2
  2913     0180  298C               	goto	u430
  2914     0181  087A               	movf	??_SoftDelay_IsOneMinuteOver+6,w
  2915     0182  1D03               	btfss	3,2
  2916     0183  298C               	goto	u430
  2917     0184  3094               	movlw	148
  2918     0185  0278               	subwf	??_SoftDelay_IsOneMinuteOver+4,w
  2919     0186  3003               	movlw	3
  2920     0187  3B79               	subwfb	??_SoftDelay_IsOneMinuteOver+5,w
  2921     0188  1C03               	btfss	3,0
  2922     0189  298B               	goto	u431
  2923     018A  298C               	goto	u430
  2924     018B                     u431:
  2925     018B  299A               	goto	l1372
  2926     018C                     u430:
  2927     018C                     l1366:
  2928                           
  2929                           ;Softdelay.c: 45:     {;Softdelay.c: 46:         *startCount = currentCount;
  2930     018C  0020               	movlb	0	; select bank0
  2931     018D  0824               	movf	SoftDelay_IsOneMinuteOver@startCount,w
  2932     018E  0086               	movwf	6
  2933     018F  0187               	clrf	7
  2934     0190  0820               	movf	SoftDelay_IsOneMinuteOver@currentCount,w
  2935     0191  3FC0               	movwi [0]fsr1
  2936     0192  0821               	movf	SoftDelay_IsOneMinuteOver@currentCount+1,w
  2937     0193  3FC1               	movwi [1]fsr1
  2938     0194  0822               	movf	SoftDelay_IsOneMinuteOver@currentCount+2,w
  2939     0195  3FC2               	movwi [2]fsr1
  2940     0196  0823               	movf	SoftDelay_IsOneMinuteOver@currentCount+3,w
  2941     0197  3FC3               	movwi [3]fsr1
  2942     0198                     l1368:
  2943                           
  2944                           ;Softdelay.c: 47:         return 1;
  2945     0198  3001               	movlw	1
  2946     0199  299B               	goto	l376
  2947     019A                     l1372:
  2948                           
  2949                           ;Softdelay.c: 49:     return 0;
  2950     019A  3000               	movlw	0
  2951     019B                     l376:
  2952     019B  0008               	return
  2953     019C                     __end_of_SoftDelay_IsOneMinuteOver:
  2954                           
  2955                           	psect	text8
  2956     026D                     __ptext8:	
  2957 ;; *************** function _get_TIMER0Status *****************
  2958 ;; Defined at:
  2959 ;;		line 11 in file "Softdelay.c"
  2960 ;; Parameters:    Size  Location     Type
  2961 ;;		None
  2962 ;; Auto vars:     Size  Location     Type
  2963 ;;		None
  2964 ;; Return value:  Size  Location     Type
  2965 ;;                  4    0[COMMON] unsigned long 
  2966 ;; Registers used:
  2967 ;;		wreg
  2968 ;; Tracked objects:
  2969 ;;		On entry : 0/0
  2970 ;;		On exit  : 0/0
  2971 ;;		Unchanged: 0/0
  2972 ;; Data sizes:     COMMON   BANK0   BANK1   BANK2
  2973 ;;      Params:         4       0       0       0
  2974 ;;      Locals:         0       0       0       0
  2975 ;;      Temps:          0       0       0       0
  2976 ;;      Totals:         4       0       0       0
  2977 ;;Total ram usage:        4 bytes
  2978 ;; Hardware stack levels used: 1
  2979 ;; Hardware stack levels required when called: 2
  2980 ;; This function calls:
  2981 ;;		Nothing
  2982 ;; This function is called by:
  2983 ;;		_SoftDelay_Start
  2984 ;;		_SoftDelay_IsOneMinuteOver
  2985 ;; This function uses a non-reentrant model
  2986 ;;
  2987                           
  2988     026D                     _get_TIMER0Status:	
  2989                           ;psect for function _get_TIMER0Status
  2990                           
  2991     026D                     l1316:	
  2992                           ;incstack = 0
  2993                           ; Regs used in _get_TIMER0Status: [wreg]
  2994                           
  2995                           
  2996                           ;Softdelay.c: 13:     return g_timer0OverflowCount;
  2997     026D  0020               	movlb	0	; select bank0
  2998     026E  0836               	movf	_g_timer0OverflowCount+3,w	;volatile
  2999     026F  00F3               	movwf	?_get_TIMER0Status+3
  3000     0270  0835               	movf	_g_timer0OverflowCount+2,w	;volatile
  3001     0271  00F2               	movwf	?_get_TIMER0Status+2
  3002     0272  0834               	movf	_g_timer0OverflowCount+1,w	;volatile
  3003     0273  00F1               	movwf	?_get_TIMER0Status+1
  3004     0274  0833               	movf	_g_timer0OverflowCount,w	;volatile
  3005     0275  00F0               	movwf	?_get_TIMER0Status
  3006     0276                     l372:
  3007     0276  0008               	return
  3008     0277                     __end_of_get_TIMER0Status:
  3009                           
  3010                           	psect	text9
  3011     0227                     __ptext9:	
  3012 ;; *************** function _SYSTEM_Initialize *****************
  3013 ;; Defined at:
  3014 ;;		line 50 in file "mcc_generated_files/mcc.c"
  3015 ;; Parameters:    Size  Location     Type
  3016 ;;		None
  3017 ;; Auto vars:     Size  Location     Type
  3018 ;;		None
  3019 ;; Return value:  Size  Location     Type
  3020 ;;                  1    wreg      void 
  3021 ;; Registers used:
  3022 ;;		wreg, status,2, status,0, pclath, cstack
  3023 ;; Tracked objects:
  3024 ;;		On entry : 0/0
  3025 ;;		On exit  : 0/0
  3026 ;;		Unchanged: 0/0
  3027 ;; Data sizes:     COMMON   BANK0   BANK1   BANK2
  3028 ;;      Params:         0       0       0       0
  3029 ;;      Locals:         0       0       0       0
  3030 ;;      Temps:          0       0       0       0
  3031 ;;      Totals:         0       0       0       0
  3032 ;;Total ram usage:        0 bytes
  3033 ;; Hardware stack levels used: 1
  3034 ;; Hardware stack levels required when called: 4
  3035 ;; This function calls:
  3036 ;;		_ADC1_Initialize
  3037 ;;		_EUSART_Initialize
  3038 ;;		_OSCILLATOR_Initialize
  3039 ;;		_PIN_MANAGER_Initialize
  3040 ;;		_TMR0_Initialize
  3041 ;;		_WDT_Initialize
  3042 ;; This function is called by:
  3043 ;;		_main
  3044 ;; This function uses a non-reentrant model
  3045 ;;
  3046                           
  3047     0227                     _SYSTEM_Initialize:	
  3048                           ;psect for function _SYSTEM_Initialize
  3049                           
  3050     0227                     l1332:	
  3051                           ;incstack = 0
  3052                           ; Regs used in _SYSTEM_Initialize: [wreg+status,2+status,0+pclath+cstack]
  3053                           
  3054                           
  3055                           ;mcc_generated_files/mcc.c: 53:     PIN_MANAGER_Initialize();
  3056     0227  3181  21FB  3182   	fcall	_PIN_MANAGER_Initialize
  3057                           
  3058                           ;mcc_generated_files/mcc.c: 54:     OSCILLATOR_Initialize();
  3059     022A  3182  2287  3182   	fcall	_OSCILLATOR_Initialize
  3060                           
  3061                           ;mcc_generated_files/mcc.c: 55:     WDT_Initialize();
  3062     022D  3182  22A6  3182   	fcall	_WDT_Initialize
  3063                           
  3064                           ;mcc_generated_files/mcc.c: 56:     ADC1_Initialize();
  3065     0230  3182  2277  3182   	fcall	_ADC1_Initialize
  3066                           
  3067                           ;mcc_generated_files/mcc.c: 57:     TMR0_Initialize();
  3068     0233  3182  2213  3182   	fcall	_TMR0_Initialize
  3069                           
  3070                           ;mcc_generated_files/mcc.c: 58:     EUSART_Initialize();
  3071     0236  3181  21BF  3182   	fcall	_EUSART_Initialize
  3072     0239                     l65:
  3073     0239  0008               	return
  3074     023A                     __end_of_SYSTEM_Initialize:
  3075                           
  3076                           	psect	text10
  3077     02A6                     __ptext10:	
  3078 ;; *************** function _WDT_Initialize *****************
  3079 ;; Defined at:
  3080 ;;		line 71 in file "mcc_generated_files/mcc.c"
  3081 ;; Parameters:    Size  Location     Type
  3082 ;;		None
  3083 ;; Auto vars:     Size  Location     Type
  3084 ;;		None
  3085 ;; Return value:  Size  Location     Type
  3086 ;;                  1    wreg      void 
  3087 ;; Registers used:
  3088 ;;		wreg
  3089 ;; Tracked objects:
  3090 ;;		On entry : 0/0
  3091 ;;		On exit  : 0/0
  3092 ;;		Unchanged: 0/0
  3093 ;; Data sizes:     COMMON   BANK0   BANK1   BANK2
  3094 ;;      Params:         0       0       0       0
  3095 ;;      Locals:         0       0       0       0
  3096 ;;      Temps:          0       0       0       0
  3097 ;;      Totals:         0       0       0       0
  3098 ;;Total ram usage:        0 bytes
  3099 ;; Hardware stack levels used: 1
  3100 ;; Hardware stack levels required when called: 2
  3101 ;; This function calls:
  3102 ;;		Nothing
  3103 ;; This function is called by:
  3104 ;;		_SYSTEM_Initialize
  3105 ;; This function uses a non-reentrant model
  3106 ;;
  3107                           
  3108     02A6                     _WDT_Initialize:	
  3109                           ;psect for function _WDT_Initialize
  3110                           
  3111     02A6                     l1246:	
  3112                           ;incstack = 0
  3113                           ; Regs used in _WDT_Initialize: [wreg]
  3114                           
  3115                           
  3116                           ;mcc_generated_files/mcc.c: 74:     WDTCON = 0x16;
  3117     02A6  3016               	movlw	22
  3118     02A7  0021               	movlb	1	; select bank1
  3119     02A8  0097               	movwf	23	;volatile
  3120     02A9                     l71:
  3121     02A9  0008               	return
  3122     02AA                     __end_of_WDT_Initialize:
  3123                           
  3124                           	psect	text11
  3125     0213                     __ptext11:	
  3126 ;; *************** function _TMR0_Initialize *****************
  3127 ;; Defined at:
  3128 ;;		line 73 in file "mcc_generated_files/tmr0.c"
  3129 ;; Parameters:    Size  Location     Type
  3130 ;;		None
  3131 ;; Auto vars:     Size  Location     Type
  3132 ;;		None
  3133 ;; Return value:  Size  Location     Type
  3134 ;;                  1    wreg      void 
  3135 ;; Registers used:
  3136 ;;		wreg, status,2, status,0, pclath, cstack
  3137 ;; Tracked objects:
  3138 ;;		On entry : 0/0
  3139 ;;		On exit  : 0/0
  3140 ;;		Unchanged: 0/0
  3141 ;; Data sizes:     COMMON   BANK0   BANK1   BANK2
  3142 ;;      Params:         0       0       0       0
  3143 ;;      Locals:         0       0       0       0
  3144 ;;      Temps:          0       0       0       0
  3145 ;;      Totals:         0       0       0       0
  3146 ;;Total ram usage:        0 bytes
  3147 ;; Hardware stack levels used: 1
  3148 ;; Hardware stack levels required when called: 3
  3149 ;; This function calls:
  3150 ;;		_TMR0_SetInterruptHandler
  3151 ;; This function is called by:
  3152 ;;		_SYSTEM_Initialize
  3153 ;; This function uses a non-reentrant model
  3154 ;;
  3155                           
  3156     0213                     _TMR0_Initialize:	
  3157                           ;psect for function _TMR0_Initialize
  3158                           
  3159     0213                     l1248:	
  3160                           ;incstack = 0
  3161                           ; Regs used in _TMR0_Initialize: [wreg+status,2+status,0+pclath+cstack]
  3162                           
  3163                           
  3164                           ;mcc_generated_files/tmr0.c: 78:     OPTION_REG = (uint8_t)((OPTION_REG & 0xC0) | (0xD7 
      +                          & 0x3F));
  3165     0213  0021               	movlb	1	; select bank1
  3166     0214  0815               	movf	21,w	;volatile
  3167     0215  39C0               	andlw	192
  3168     0216  3817               	iorlw	23
  3169     0217  0095               	movwf	21	;volatile
  3170     0218                     l1250:
  3171                           
  3172                           ;mcc_generated_files/tmr0.c: 81:     TMR0 = 0xF6;
  3173     0218  30F6               	movlw	246
  3174     0219  0020               	movlb	0	; select bank0
  3175     021A  0095               	movwf	21	;volatile
  3176     021B                     l1252:
  3177                           
  3178                           ;mcc_generated_files/tmr0.c: 84:     timer0ReloadVal= 246;
  3179     021B  30F6               	movlw	246
  3180     021C  00C3               	movwf	_timer0ReloadVal	;volatile
  3181     021D                     l1254:
  3182                           
  3183                           ;mcc_generated_files/tmr0.c: 87:     INTCONbits.TMR0IF = 0;
  3184     021D  110B               	bcf	11,2	;volatile
  3185     021E                     l1256:
  3186                           
  3187                           ;mcc_generated_files/tmr0.c: 90:     INTCONbits.TMR0IE = 1;
  3188     021E  168B               	bsf	11,5	;volatile
  3189     021F                     l1258:
  3190                           
  3191                           ;mcc_generated_files/tmr0.c: 93:     TMR0_SetInterruptHandler(TMR0_DefaultInterruptHandl
      +                          er);
  3192     021F  3000               	movlw	0
  3193     0220  00F0               	movwf	TMR0_SetInterruptHandler@InterruptHandler
  3194     0221  3000               	movlw	0
  3195     0222  00F1               	movwf	TMR0_SetInterruptHandler@InterruptHandler+1
  3196     0223  3182  228E  3182   	fcall	_TMR0_SetInterruptHandler
  3197     0226                     l117:
  3198     0226  0008               	return
  3199     0227                     __end_of_TMR0_Initialize:
  3200                           
  3201                           	psect	text12
  3202     028E                     __ptext12:	
  3203 ;; *************** function _TMR0_SetInterruptHandler *****************
  3204 ;; Defined at:
  3205 ;;		line 134 in file "mcc_generated_files/tmr0.c"
  3206 ;; Parameters:    Size  Location     Type
  3207 ;;  InterruptHan    2    0[COMMON] PTR FTN()void 
  3208 ;;		 -> TMR0_DefaultInterruptHandler(1), 
  3209 ;; Auto vars:     Size  Location     Type
  3210 ;;		None
  3211 ;; Return value:  Size  Location     Type
  3212 ;;                  1    wreg      void 
  3213 ;; Registers used:
  3214 ;;		wreg
  3215 ;; Tracked objects:
  3216 ;;		On entry : 0/0
  3217 ;;		On exit  : 0/0
  3218 ;;		Unchanged: 0/0
  3219 ;; Data sizes:     COMMON   BANK0   BANK1   BANK2
  3220 ;;      Params:         2       0       0       0
  3221 ;;      Locals:         0       0       0       0
  3222 ;;      Temps:          0       0       0       0
  3223 ;;      Totals:         2       0       0       0
  3224 ;;Total ram usage:        2 bytes
  3225 ;; Hardware stack levels used: 1
  3226 ;; Hardware stack levels required when called: 2
  3227 ;; This function calls:
  3228 ;;		Nothing
  3229 ;; This function is called by:
  3230 ;;		_TMR0_Initialize
  3231 ;; This function uses a non-reentrant model
  3232 ;;
  3233                           
  3234     028E                     _TMR0_SetInterruptHandler:	
  3235                           ;psect for function _TMR0_SetInterruptHandler
  3236                           
  3237     028E                     l1202:	
  3238                           ;incstack = 0
  3239                           ; Regs used in _TMR0_SetInterruptHandler: [wreg]
  3240                           
  3241                           
  3242                           ;mcc_generated_files/tmr0.c: 135:     TMR0_InterruptHandler = InterruptHandler;
  3243     028E  0871               	movf	TMR0_SetInterruptHandler@InterruptHandler+1,w
  3244     028F  0020               	movlb	0	; select bank0
  3245     0290  00C2               	movwf	_TMR0_InterruptHandler+1
  3246     0291  0870               	movf	TMR0_SetInterruptHandler@InterruptHandler,w
  3247     0292  00C1               	movwf	_TMR0_InterruptHandler
  3248     0293                     l129:
  3249     0293  0008               	return
  3250     0294                     __end_of_TMR0_SetInterruptHandler:
  3251                           
  3252                           	psect	text13
  3253     01FB                     __ptext13:	
  3254 ;; *************** function _PIN_MANAGER_Initialize *****************
  3255 ;; Defined at:
  3256 ;;		line 55 in file "mcc_generated_files/pin_manager.c"
  3257 ;; Parameters:    Size  Location     Type
  3258 ;;		None
  3259 ;; Auto vars:     Size  Location     Type
  3260 ;;		None
  3261 ;; Return value:  Size  Location     Type
  3262 ;;                  1    wreg      void 
  3263 ;; Registers used:
  3264 ;;		wreg, status,2
  3265 ;; Tracked objects:
  3266 ;;		On entry : 0/0
  3267 ;;		On exit  : 0/0
  3268 ;;		Unchanged: 0/0
  3269 ;; Data sizes:     COMMON   BANK0   BANK1   BANK2
  3270 ;;      Params:         0       0       0       0
  3271 ;;      Locals:         0       0       0       0
  3272 ;;      Temps:          0       0       0       0
  3273 ;;      Totals:         0       0       0       0
  3274 ;;Total ram usage:        0 bytes
  3275 ;; Hardware stack levels used: 1
  3276 ;; Hardware stack levels required when called: 2
  3277 ;; This function calls:
  3278 ;;		Nothing
  3279 ;; This function is called by:
  3280 ;;		_SYSTEM_Initialize
  3281 ;; This function uses a non-reentrant model
  3282 ;;
  3283                           
  3284     01FB                     _PIN_MANAGER_Initialize:	
  3285                           ;psect for function _PIN_MANAGER_Initialize
  3286                           
  3287     01FB                     l1226:	
  3288                           ;incstack = 0
  3289                           ; Regs used in _PIN_MANAGER_Initialize: [wreg+status,2]
  3290                           
  3291                           
  3292                           ;mcc_generated_files/pin_manager.c: 60:     LATA = 0x00;
  3293     01FB  0022               	movlb	2	; select bank2
  3294     01FC  018C               	clrf	12	;volatile
  3295     01FD                     l1228:
  3296                           
  3297                           ;mcc_generated_files/pin_manager.c: 65:     TRISA = 0x1F;
  3298     01FD  301F               	movlw	31
  3299     01FE  0021               	movlb	1	; select bank1
  3300     01FF  008C               	movwf	12	;volatile
  3301     0200                     l1230:
  3302                           
  3303                           ;mcc_generated_files/pin_manager.c: 70:     ANSELA = 0x05;
  3304     0200  3005               	movlw	5
  3305     0201  0023               	movlb	3	; select bank3
  3306     0202  008C               	movwf	12	;volatile
  3307                           
  3308                           ;mcc_generated_files/pin_manager.c: 75:     WPUA = 0x00;
  3309     0203  0024               	movlb	4	; select bank4
  3310     0204  018C               	clrf	12	;volatile
  3311     0205                     l1232:
  3312                           
  3313                           ;mcc_generated_files/pin_manager.c: 76:     OPTION_REGbits.nWPUEN = 1;
  3314     0205  0021               	movlb	1	; select bank1
  3315     0206  1795               	bsf	21,7	;volatile
  3316                           
  3317                           ;mcc_generated_files/pin_manager.c: 81:     ODCONA = 0x00;
  3318     0207  0025               	movlb	5	; select bank5
  3319     0208  018C               	clrf	12	;volatile
  3320     0209                     l1234:
  3321                           
  3322                           ;mcc_generated_files/pin_manager.c: 86:     SLRCONA = 0x37;
  3323     0209  3037               	movlw	55
  3324     020A  0026               	movlb	6	; select bank6
  3325     020B  008C               	movwf	12	;volatile
  3326     020C                     l1236:
  3327                           
  3328                           ;mcc_generated_files/pin_manager.c: 91:     INLVLA = 0x3F;
  3329     020C  303F               	movlw	63
  3330     020D  0027               	movlb	7	; select bank7
  3331     020E  008C               	movwf	12	;volatile
  3332     020F                     l1238:
  3333                           
  3334                           ;mcc_generated_files/pin_manager.c: 96:     APFCON = 0x04;
  3335     020F  3004               	movlw	4
  3336     0210  0022               	movlb	2	; select bank2
  3337     0211  009D               	movwf	29	;volatile
  3338     0212                     l92:
  3339     0212  0008               	return
  3340     0213                     __end_of_PIN_MANAGER_Initialize:
  3341                           
  3342                           	psect	text14
  3343     0287                     __ptext14:	
  3344 ;; *************** function _OSCILLATOR_Initialize *****************
  3345 ;; Defined at:
  3346 ;;		line 61 in file "mcc_generated_files/mcc.c"
  3347 ;; Parameters:    Size  Location     Type
  3348 ;;		None
  3349 ;; Auto vars:     Size  Location     Type
  3350 ;;		None
  3351 ;; Return value:  Size  Location     Type
  3352 ;;                  1    wreg      void 
  3353 ;; Registers used:
  3354 ;;		wreg, status,2
  3355 ;; Tracked objects:
  3356 ;;		On entry : 0/0
  3357 ;;		On exit  : 0/0
  3358 ;;		Unchanged: 0/0
  3359 ;; Data sizes:     COMMON   BANK0   BANK1   BANK2
  3360 ;;      Params:         0       0       0       0
  3361 ;;      Locals:         0       0       0       0
  3362 ;;      Temps:          0       0       0       0
  3363 ;;      Totals:         0       0       0       0
  3364 ;;Total ram usage:        0 bytes
  3365 ;; Hardware stack levels used: 1
  3366 ;; Hardware stack levels required when called: 2
  3367 ;; This function calls:
  3368 ;;		Nothing
  3369 ;; This function is called by:
  3370 ;;		_SYSTEM_Initialize
  3371 ;; This function uses a non-reentrant model
  3372 ;;
  3373                           
  3374     0287                     _OSCILLATOR_Initialize:	
  3375                           ;psect for function _OSCILLATOR_Initialize
  3376                           
  3377     0287                     l1240:	
  3378                           ;incstack = 0
  3379                           ; Regs used in _OSCILLATOR_Initialize: [wreg+status,2]
  3380                           
  3381                           
  3382                           ;mcc_generated_files/mcc.c: 64:     OSCCON = 0x68;
  3383     0287  3068               	movlw	104
  3384     0288  0021               	movlb	1	; select bank1
  3385     0289  0099               	movwf	25	;volatile
  3386     028A                     l1242:
  3387                           
  3388                           ;mcc_generated_files/mcc.c: 66:     OSCTUNE = 0x00;
  3389     028A  0198               	clrf	24	;volatile
  3390     028B                     l1244:
  3391                           
  3392                           ;mcc_generated_files/mcc.c: 68:     BORCON = 0x00;
  3393     028B  0022               	movlb	2	; select bank2
  3394     028C  0196               	clrf	22	;volatile
  3395     028D                     l68:
  3396     028D  0008               	return
  3397     028E                     __end_of_OSCILLATOR_Initialize:
  3398                           
  3399                           	psect	text15
  3400     01BF                     __ptext15:	
  3401 ;; *************** function _EUSART_Initialize *****************
  3402 ;; Defined at:
  3403 ;;		line 66 in file "mcc_generated_files/eusart.c"
  3404 ;; Parameters:    Size  Location     Type
  3405 ;;		None
  3406 ;; Auto vars:     Size  Location     Type
  3407 ;;		None
  3408 ;; Return value:  Size  Location     Type
  3409 ;;                  1    wreg      void 
  3410 ;; Registers used:
  3411 ;;		wreg, status,2, status,0, pclath, cstack
  3412 ;; Tracked objects:
  3413 ;;		On entry : 0/0
  3414 ;;		On exit  : 0/0
  3415 ;;		Unchanged: 0/0
  3416 ;; Data sizes:     COMMON   BANK0   BANK1   BANK2
  3417 ;;      Params:         0       0       0       0
  3418 ;;      Locals:         0       0       0       0
  3419 ;;      Temps:          0       0       0       0
  3420 ;;      Totals:         0       0       0       0
  3421 ;;Total ram usage:        0 bytes
  3422 ;; Hardware stack levels used: 1
  3423 ;; Hardware stack levels required when called: 3
  3424 ;; This function calls:
  3425 ;;		_EUSART_SetErrorHandler
  3426 ;;		_EUSART_SetFramingErrorHandler
  3427 ;;		_EUSART_SetOverrunErrorHandler
  3428 ;; This function is called by:
  3429 ;;		_SYSTEM_Initialize
  3430 ;; This function uses a non-reentrant model
  3431 ;;
  3432                           
  3433     01BF                     _EUSART_Initialize:	
  3434                           ;psect for function _EUSART_Initialize
  3435                           
  3436     01BF                     l1260:	
  3437                           ;incstack = 0
  3438                           ; Regs used in _EUSART_Initialize: [wreg+status,2+status,0+pclath+cstack]
  3439                           
  3440                           
  3441                           ;mcc_generated_files/eusart.c: 71:     BAUDCON = 0x08;
  3442     01BF  3008               	movlw	8
  3443     01C0  0023               	movlb	3	; select bank3
  3444     01C1  009F               	movwf	31	;volatile
  3445                           
  3446                           ;mcc_generated_files/eusart.c: 74:     RCSTA = 0x90;
  3447     01C2  3090               	movlw	144
  3448     01C3  009D               	movwf	29	;volatile
  3449                           
  3450                           ;mcc_generated_files/eusart.c: 77:     TXSTA = 0x24;
  3451     01C4  3024               	movlw	36
  3452     01C5  009E               	movwf	30	;volatile
  3453                           
  3454                           ;mcc_generated_files/eusart.c: 80:     SPBRGL = 0x67;
  3455     01C6  3067               	movlw	103
  3456     01C7  009B               	movwf	27	;volatile
  3457     01C8                     l1262:
  3458                           
  3459                           ;mcc_generated_files/eusart.c: 83:     SPBRGH = 0x00;
  3460     01C8  019C               	clrf	28	;volatile
  3461     01C9                     l1264:
  3462                           
  3463                           ;mcc_generated_files/eusart.c: 86:     EUSART_SetFramingErrorHandler(EUSART_DefaultFrami
      +                          ngErrorHandler);
  3464     01C9  3000               	movlw	0
  3465     01CA  00F0               	movwf	EUSART_SetFramingErrorHandler@interruptHandler
  3466     01CB  3000               	movlw	0
  3467     01CC  00F1               	movwf	EUSART_SetFramingErrorHandler@interruptHandler+1
  3468     01CD  3182  229A  3181   	fcall	_EUSART_SetFramingErrorHandler
  3469     01D0                     l1266:
  3470                           
  3471                           ;mcc_generated_files/eusart.c: 87:     EUSART_SetOverrunErrorHandler(EUSART_DefaultOverr
      +                          unErrorHandler);
  3472     01D0  3000               	movlw	0
  3473     01D1  00F0               	movwf	EUSART_SetOverrunErrorHandler@interruptHandler
  3474     01D2  3000               	movlw	0
  3475     01D3  00F1               	movwf	EUSART_SetOverrunErrorHandler@interruptHandler+1
  3476     01D4  3182  2294  3181   	fcall	_EUSART_SetOverrunErrorHandler
  3477     01D7                     l1268:
  3478                           
  3479                           ;mcc_generated_files/eusart.c: 88:     EUSART_SetErrorHandler(EUSART_DefaultErrorHandler
      +                          );
  3480     01D7  3000               	movlw	0
  3481     01D8  00F0               	movwf	EUSART_SetErrorHandler@interruptHandler
  3482     01D9  3000               	movlw	0
  3483     01DA  00F1               	movwf	EUSART_SetErrorHandler@interruptHandler+1
  3484     01DB  3182  22A0  3181   	fcall	_EUSART_SetErrorHandler
  3485     01DE                     l1270:
  3486                           
  3487                           ;mcc_generated_files/eusart.c: 90:     eusartRxLastError.status = 0;
  3488     01DE  0020               	movlb	0	; select bank0
  3489     01DF  01BA               	clrf	_eusartRxLastError	;volatile
  3490     01E0                     l188:
  3491     01E0  0008               	return
  3492     01E1                     __end_of_EUSART_Initialize:
  3493                           
  3494                           	psect	text16
  3495     0294                     __ptext16:	
  3496 ;; *************** function _EUSART_SetOverrunErrorHandler *****************
  3497 ;; Defined at:
  3498 ;;		line 170 in file "mcc_generated_files/eusart.c"
  3499 ;; Parameters:    Size  Location     Type
  3500 ;;  interruptHan    2    0[COMMON] PTR FTN()void 
  3501 ;;		 -> EUSART_DefaultOverrunErrorHandler(1), 
  3502 ;; Auto vars:     Size  Location     Type
  3503 ;;		None
  3504 ;; Return value:  Size  Location     Type
  3505 ;;                  1    wreg      void 
  3506 ;; Registers used:
  3507 ;;		wreg
  3508 ;; Tracked objects:
  3509 ;;		On entry : 0/0
  3510 ;;		On exit  : 0/0
  3511 ;;		Unchanged: 0/0
  3512 ;; Data sizes:     COMMON   BANK0   BANK1   BANK2
  3513 ;;      Params:         2       0       0       0
  3514 ;;      Locals:         0       0       0       0
  3515 ;;      Temps:          0       0       0       0
  3516 ;;      Totals:         2       0       0       0
  3517 ;;Total ram usage:        2 bytes
  3518 ;; Hardware stack levels used: 1
  3519 ;; Hardware stack levels required when called: 2
  3520 ;; This function calls:
  3521 ;;		Nothing
  3522 ;; This function is called by:
  3523 ;;		_EUSART_Initialize
  3524 ;; This function uses a non-reentrant model
  3525 ;;
  3526                           
  3527     0294                     _EUSART_SetOverrunErrorHandler:	
  3528                           ;psect for function _EUSART_SetOverrunErrorHandler
  3529                           
  3530     0294                     l1206:	
  3531                           ;incstack = 0
  3532                           ; Regs used in _EUSART_SetOverrunErrorHandler: [wreg]
  3533                           
  3534                           
  3535                           ;mcc_generated_files/eusart.c: 171:     EUSART_OverrunErrorHandler = interruptHandler;
  3536     0294  0871               	movf	EUSART_SetOverrunErrorHandler@interruptHandler+1,w
  3537     0295  0020               	movlb	0	; select bank0
  3538     0296  00BE               	movwf	_EUSART_OverrunErrorHandler+1
  3539     0297  0870               	movf	EUSART_SetOverrunErrorHandler@interruptHandler,w
  3540     0298  00BD               	movwf	_EUSART_OverrunErrorHandler
  3541     0299                     l236:
  3542     0299  0008               	return
  3543     029A                     __end_of_EUSART_SetOverrunErrorHandler:
  3544                           
  3545                           	psect	text17
  3546     029A                     __ptext17:	
  3547 ;; *************** function _EUSART_SetFramingErrorHandler *****************
  3548 ;; Defined at:
  3549 ;;		line 166 in file "mcc_generated_files/eusart.c"
  3550 ;; Parameters:    Size  Location     Type
  3551 ;;  interruptHan    2    0[COMMON] PTR FTN()void 
  3552 ;;		 -> EUSART_DefaultFramingErrorHandler(1), 
  3553 ;; Auto vars:     Size  Location     Type
  3554 ;;		None
  3555 ;; Return value:  Size  Location     Type
  3556 ;;                  1    wreg      void 
  3557 ;; Registers used:
  3558 ;;		wreg
  3559 ;; Tracked objects:
  3560 ;;		On entry : 0/0
  3561 ;;		On exit  : 0/0
  3562 ;;		Unchanged: 0/0
  3563 ;; Data sizes:     COMMON   BANK0   BANK1   BANK2
  3564 ;;      Params:         2       0       0       0
  3565 ;;      Locals:         0       0       0       0
  3566 ;;      Temps:          0       0       0       0
  3567 ;;      Totals:         2       0       0       0
  3568 ;;Total ram usage:        2 bytes
  3569 ;; Hardware stack levels used: 1
  3570 ;; Hardware stack levels required when called: 2
  3571 ;; This function calls:
  3572 ;;		Nothing
  3573 ;; This function is called by:
  3574 ;;		_EUSART_Initialize
  3575 ;; This function uses a non-reentrant model
  3576 ;;
  3577                           
  3578     029A                     _EUSART_SetFramingErrorHandler:	
  3579                           ;psect for function _EUSART_SetFramingErrorHandler
  3580                           
  3581     029A                     l1204:	
  3582                           ;incstack = 0
  3583                           ; Regs used in _EUSART_SetFramingErrorHandler: [wreg]
  3584                           
  3585                           
  3586                           ;mcc_generated_files/eusart.c: 167:     EUSART_FramingErrorHandler = interruptHandler;
  3587     029A  0871               	movf	EUSART_SetFramingErrorHandler@interruptHandler+1,w
  3588     029B  0020               	movlb	0	; select bank0
  3589     029C  00C0               	movwf	_EUSART_FramingErrorHandler+1
  3590     029D  0870               	movf	EUSART_SetFramingErrorHandler@interruptHandler,w
  3591     029E  00BF               	movwf	_EUSART_FramingErrorHandler
  3592     029F                     l233:
  3593     029F  0008               	return
  3594     02A0                     __end_of_EUSART_SetFramingErrorHandler:
  3595                           
  3596                           	psect	text18
  3597     02A0                     __ptext18:	
  3598 ;; *************** function _EUSART_SetErrorHandler *****************
  3599 ;; Defined at:
  3600 ;;		line 174 in file "mcc_generated_files/eusart.c"
  3601 ;; Parameters:    Size  Location     Type
  3602 ;;  interruptHan    2    0[COMMON] PTR FTN()void 
  3603 ;;		 -> EUSART_DefaultErrorHandler(1), 
  3604 ;; Auto vars:     Size  Location     Type
  3605 ;;		None
  3606 ;; Return value:  Size  Location     Type
  3607 ;;                  1    wreg      void 
  3608 ;; Registers used:
  3609 ;;		wreg
  3610 ;; Tracked objects:
  3611 ;;		On entry : 0/0
  3612 ;;		On exit  : 0/0
  3613 ;;		Unchanged: 0/0
  3614 ;; Data sizes:     COMMON   BANK0   BANK1   BANK2
  3615 ;;      Params:         2       0       0       0
  3616 ;;      Locals:         0       0       0       0
  3617 ;;      Temps:          0       0       0       0
  3618 ;;      Totals:         2       0       0       0
  3619 ;;Total ram usage:        2 bytes
  3620 ;; Hardware stack levels used: 1
  3621 ;; Hardware stack levels required when called: 2
  3622 ;; This function calls:
  3623 ;;		Nothing
  3624 ;; This function is called by:
  3625 ;;		_EUSART_Initialize
  3626 ;; This function uses a non-reentrant model
  3627 ;;
  3628                           
  3629     02A0                     _EUSART_SetErrorHandler:	
  3630                           ;psect for function _EUSART_SetErrorHandler
  3631                           
  3632     02A0                     l1208:	
  3633                           ;incstack = 0
  3634                           ; Regs used in _EUSART_SetErrorHandler: [wreg]
  3635                           
  3636                           
  3637                           ;mcc_generated_files/eusart.c: 175:     EUSART_ErrorHandler = interruptHandler;
  3638     02A0  0871               	movf	EUSART_SetErrorHandler@interruptHandler+1,w
  3639     02A1  0020               	movlb	0	; select bank0
  3640     02A2  00BC               	movwf	_EUSART_ErrorHandler+1
  3641     02A3  0870               	movf	EUSART_SetErrorHandler@interruptHandler,w
  3642     02A4  00BB               	movwf	_EUSART_ErrorHandler
  3643     02A5                     l239:
  3644     02A5  0008               	return
  3645     02A6                     __end_of_EUSART_SetErrorHandler:
  3646                           
  3647                           	psect	text19
  3648     0277                     __ptext19:	
  3649 ;; *************** function _ADC1_Initialize *****************
  3650 ;; Defined at:
  3651 ;;		line 67 in file "mcc_generated_files/adc1.c"
  3652 ;; Parameters:    Size  Location     Type
  3653 ;;		None
  3654 ;; Auto vars:     Size  Location     Type
  3655 ;;		None
  3656 ;; Return value:  Size  Location     Type
  3657 ;;                  1    wreg      void 
  3658 ;; Registers used:
  3659 ;;		wreg, status,2
  3660 ;; Tracked objects:
  3661 ;;		On entry : 0/0
  3662 ;;		On exit  : 0/0
  3663 ;;		Unchanged: 0/0
  3664 ;; Data sizes:     COMMON   BANK0   BANK1   BANK2
  3665 ;;      Params:         0       0       0       0
  3666 ;;      Locals:         0       0       0       0
  3667 ;;      Temps:          0       0       0       0
  3668 ;;      Totals:         0       0       0       0
  3669 ;;Total ram usage:        0 bytes
  3670 ;; Hardware stack levels used: 1
  3671 ;; Hardware stack levels required when called: 2
  3672 ;; This function calls:
  3673 ;;		Nothing
  3674 ;; This function is called by:
  3675 ;;		_SYSTEM_Initialize
  3676 ;; This function uses a non-reentrant model
  3677 ;;
  3678                           
  3679     0277                     _ADC1_Initialize:	
  3680                           ;psect for function _ADC1_Initialize
  3681                           
  3682     0277                     l1216:	
  3683                           ;incstack = 0
  3684                           ; Regs used in _ADC1_Initialize: [wreg+status,2]
  3685                           
  3686                           
  3687                           ;mcc_generated_files/adc1.c: 72:     ADCON1 = 0x80;
  3688     0277  3080               	movlw	128
  3689     0278  0021               	movlb	1	; select bank1
  3690     0279  009E               	movwf	30	;volatile
  3691     027A                     l1218:
  3692                           
  3693                           ;mcc_generated_files/adc1.c: 75:     ADCON2 = 0x00;
  3694     027A  019F               	clrf	31	;volatile
  3695     027B                     l1220:
  3696                           
  3697                           ;mcc_generated_files/adc1.c: 78:     ADRESL = 0x00;
  3698     027B  019B               	clrf	27	;volatile
  3699     027C                     l1222:
  3700                           
  3701                           ;mcc_generated_files/adc1.c: 81:     ADRESH = 0x00;
  3702     027C  019C               	clrf	28	;volatile
  3703     027D                     l1224:
  3704                           
  3705                           ;mcc_generated_files/adc1.c: 84:     ADCON0 = 0x01;
  3706     027D  3001               	movlw	1
  3707     027E  009D               	movwf	29	;volatile
  3708     027F                     l19:
  3709     027F  0008               	return
  3710     0280                     __end_of_ADC1_Initialize:
  3711                           
  3712                           	psect	text20
  3713     01E1                     __ptext20:	
  3714 ;; *************** function _ADC1_GetConversion *****************
  3715 ;; Defined at:
  3716 ;;		line 115 in file "mcc_generated_files/adc1.c"
  3717 ;; Parameters:    Size  Location     Type
  3718 ;;  channel         1    wreg     enum E3055
  3719 ;; Auto vars:     Size  Location     Type
  3720 ;;  channel         1    3[COMMON] enum E3055
  3721 ;; Return value:  Size  Location     Type
  3722 ;;                  2    0[COMMON] unsigned short 
  3723 ;; Registers used:
  3724 ;;		wreg, status,2, status,0
  3725 ;; Tracked objects:
  3726 ;;		On entry : 0/0
  3727 ;;		On exit  : 0/0
  3728 ;;		Unchanged: 0/0
  3729 ;; Data sizes:     COMMON   BANK0   BANK1   BANK2
  3730 ;;      Params:         2       0       0       0
  3731 ;;      Locals:         1       0       0       0
  3732 ;;      Temps:          1       0       0       0
  3733 ;;      Totals:         4       0       0       0
  3734 ;;Total ram usage:        4 bytes
  3735 ;; Hardware stack levels used: 1
  3736 ;; Hardware stack levels required when called: 2
  3737 ;; This function calls:
  3738 ;;		Nothing
  3739 ;; This function is called by:
  3740 ;;		_main
  3741 ;; This function uses a non-reentrant model
  3742 ;;
  3743                           
  3744     01E1                     _ADC1_GetConversion:	
  3745                           ;psect for function _ADC1_GetConversion
  3746                           
  3747                           
  3748                           ;incstack = 0
  3749                           ; Regs used in _ADC1_GetConversion: [wreg+status,2+status,0]
  3750                           ;ADC1_GetConversion@channel stored from wreg
  3751     01E1  00F3               	movwf	ADC1_GetConversion@channel
  3752     01E2                     l1320:
  3753                           
  3754                           ;mcc_generated_files/adc1.c: 115: adc_result_t ADC1_GetConversion(adc_channel_t channel)
      +                          ;mcc_generated_files/adc1.c: 116: {;mcc_generated_files/adc1.c: 118:     ADCON0bits.CHS 
      +                          = channel;
  3755     01E2  0873               	movf	ADC1_GetConversion@channel,w
  3756     01E3  00F2               	movwf	??_ADC1_GetConversion
  3757     01E4  0DF2               	rlf	??_ADC1_GetConversion,f
  3758     01E5  0DF2               	rlf	??_ADC1_GetConversion,f
  3759     01E6  0021               	movlb	1	; select bank1
  3760     01E7  081D               	movf	29,w	;volatile
  3761     01E8  0672               	xorwf	??_ADC1_GetConversion,w
  3762     01E9  3983               	andlw	-125
  3763     01EA  0672               	xorwf	??_ADC1_GetConversion,w
  3764     01EB  009D               	movwf	29	;volatile
  3765     01EC                     l1322:
  3766                           
  3767                           ;mcc_generated_files/adc1.c: 121:     ADCON0bits.ADON = 1;
  3768     01EC  141D               	bsf	29,0	;volatile
  3769     01ED                     l1324:
  3770                           
  3771                           ;mcc_generated_files/adc1.c: 124:     _delay((unsigned long)((5)*(4000000/4000000.0)));
  3772     01ED  3200               	nop2	;2 cycle nop
  3773     01EE  3200               	nop2	;2 cycle nop
  3774     01EF  0000               	nop
  3775     01F0                     l1326:
  3776                           
  3777                           ;mcc_generated_files/adc1.c: 127:     ADCON0bits.GO_nDONE = 1;
  3778     01F0  0021               	movlb	1	; select bank1
  3779     01F1  149D               	bsf	29,1	;volatile
  3780     01F2                     l34:	
  3781                           ;mcc_generated_files/adc1.c: 131:     {;mcc_generated_files/adc1.c: 132:     }
  3782                           
  3783                           
  3784                           ;mcc_generated_files/adc1.c: 130:     while (ADCON0bits.GO_nDONE)
  3785     01F2  189D               	btfsc	29,1	;volatile
  3786     01F3  29F5               	goto	u391
  3787     01F4  29F6               	goto	u390
  3788     01F5                     u391:
  3789     01F5  29F2               	goto	l34
  3790     01F6                     u390:
  3791     01F6                     l1328:
  3792                           
  3793                           ;mcc_generated_files/adc1.c: 135:     return ((adc_result_t)((ADRESH << 8) + ADRESL));
  3794     01F6  081C               	movf	28,w	;volatile
  3795     01F7  00F1               	movwf	?_ADC1_GetConversion+1
  3796     01F8  081B               	movf	27,w	;volatile
  3797     01F9  00F0               	movwf	?_ADC1_GetConversion
  3798     01FA                     l37:
  3799     01FA  0008               	return
  3800     01FB                     __end_of_ADC1_GetConversion:
  3801                           
  3802                           	psect	intentry
  3803     0004                     __pintentry:	
  3804 ;; *************** function _INTERRUPT_InterruptManager *****************
  3805 ;; Defined at:
  3806 ;;		line 52 in file "mcc_generated_files/interrupt_manager.c"
  3807 ;; Parameters:    Size  Location     Type
  3808 ;;		None
  3809 ;; Auto vars:     Size  Location     Type
  3810 ;;		None
  3811 ;; Return value:  Size  Location     Type
  3812 ;;                  1    wreg      void 
  3813 ;; Registers used:
  3814 ;;		wreg, status,2, status,0, pclath, cstack
  3815 ;; Tracked objects:
  3816 ;;		On entry : 0/0
  3817 ;;		On exit  : 0/0
  3818 ;;		Unchanged: 0/0
  3819 ;; Data sizes:     COMMON   BANK0   BANK1   BANK2
  3820 ;;      Params:         0       0       0       0
  3821 ;;      Locals:         0       0       0       0
  3822 ;;      Temps:          0       0       0       0
  3823 ;;      Totals:         0       0       0       0
  3824 ;;Total ram usage:        0 bytes
  3825 ;; Hardware stack levels used: 1
  3826 ;; Hardware stack levels required when called: 1
  3827 ;; This function calls:
  3828 ;;		_TMR0_ISR
  3829 ;; This function is called by:
  3830 ;;		Interrupt level 1
  3831 ;; This function uses a non-reentrant model
  3832 ;;
  3833                           
  3834     0004                     _INTERRUPT_InterruptManager:
  3835                           
  3836                           ;incstack = 0
  3837     0004  147E               	bsf	int$flags,0	;set compiler interrupt flag (level 1)
  3838                           
  3839                           ; Regs used in _INTERRUPT_InterruptManager: [wreg+status,2+status,0+pclath+cstack]
  3840     0005  3180               	pagesel	$
  3841     0006                     i1l1378:
  3842                           
  3843                           ;mcc_generated_files/interrupt_manager.c: 55:     if(INTCONbits.TMR0IE == 1 && INTCONbit
      +                          s.TMR0IF == 1)
  3844     0006  1E8B               	btfss	11,5	;volatile
  3845     0007  2809               	goto	u44_21
  3846     0008  280A               	goto	u44_20
  3847     0009                     u44_21:
  3848     0009  2811               	goto	i1l145
  3849     000A                     u44_20:
  3850     000A                     i1l1380:
  3851     000A  1D0B               	btfss	11,2	;volatile
  3852     000B  280D               	goto	u45_21
  3853     000C  280E               	goto	u45_20
  3854     000D                     u45_21:
  3855     000D  2811               	goto	i1l145
  3856     000E                     u45_20:
  3857     000E                     i1l1382:
  3858                           
  3859                           ;mcc_generated_files/interrupt_manager.c: 56:     {;mcc_generated_files/interrupt_manage
      +                          r.c: 57:         TMR0_ISR();
  3860     000E  3182  2262  3180   	fcall	_TMR0_ISR
  3861     0011                     i1l145:	
  3862                           ;mcc_generated_files/interrupt_manager.c: 58:     }
  3863                           
  3864     0011  107E               	bcf	int$flags,0	;clear compiler interrupt flag (level 1)
  3865     0012  0009               	retfie
  3866     0013                     __end_of_INTERRUPT_InterruptManager:
  3867                           
  3868                           	psect	text22
  3869     0262                     __ptext22:	
  3870 ;; *************** function _TMR0_ISR *****************
  3871 ;; Defined at:
  3872 ;;		line 64 in file "mcc_generated_files/tmr0.c"
  3873 ;; Parameters:    Size  Location     Type
  3874 ;;		None
  3875 ;; Auto vars:     Size  Location     Type
  3876 ;;		None
  3877 ;; Return value:  Size  Location     Type
  3878 ;;                  1    wreg      void 
  3879 ;; Registers used:
  3880 ;;		wreg
  3881 ;; Tracked objects:
  3882 ;;		On entry : 0/0
  3883 ;;		On exit  : 0/0
  3884 ;;		Unchanged: 0/0
  3885 ;; Data sizes:     COMMON   BANK0   BANK1   BANK2
  3886 ;;      Params:         0       0       0       0
  3887 ;;      Locals:         0       0       0       0
  3888 ;;      Temps:          0       0       0       0
  3889 ;;      Totals:         0       0       0       0
  3890 ;;Total ram usage:        0 bytes
  3891 ;; Hardware stack levels used: 1
  3892 ;; This function calls:
  3893 ;;		Nothing
  3894 ;; This function is called by:
  3895 ;;		_INTERRUPT_InterruptManager
  3896 ;; This function uses a non-reentrant model
  3897 ;;
  3898                           
  3899     0262                     _TMR0_ISR:	
  3900                           ;psect for function _TMR0_ISR
  3901                           
  3902     0262                     i1l1334:	
  3903                           ;incstack = 0
  3904                           ; Regs used in _TMR0_ISR: [wreg]
  3905                           
  3906                           
  3907                           ;mcc_generated_files/tmr0.c: 66:     g_timer0OverflowCount++;
  3908     0262  3001               	movlw	1
  3909     0263  0020               	movlb	0	; select bank0
  3910     0264  07B3               	addwf	_g_timer0OverflowCount,f	;volatile
  3911     0265  3000               	movlw	0
  3912     0266  3DB4               	addwfc	_g_timer0OverflowCount+1,f	;volatile
  3913     0267  3000               	movlw	0
  3914     0268  3DB5               	addwfc	_g_timer0OverflowCount+2,f	;volatile
  3915     0269  3000               	movlw	0
  3916     026A  3DB6               	addwfc	_g_timer0OverflowCount+3,f	;volatile
  3917     026B                     i1l1336:
  3918                           
  3919                           ;mcc_generated_files/tmr0.c: 67:     INTCONbits.TMR0IF = 0;
  3920     026B  110B               	bcf	11,2	;volatile
  3921     026C                     i1l114:
  3922     026C  0008               	return
  3923     026D                     __end_of_TMR0_ISR:
  3924     007E                     btemp	set	126	;btemp
  3925     007E                     int$flags	set	126
  3926     007E                     wtemp0	set	126
  3927                           
  3928                           	psect	idloc
  3929                           
  3930                           ;Config register IDLOC0 @ 0x8000
  3931                           ;	unspecified, using default values
  3932     8000                     	org	32768
  3933     8000  3FFF               	dw	16383
  3934                           
  3935                           ;Config register IDLOC1 @ 0x8001
  3936                           ;	unspecified, using default values
  3937     8001                     	org	32769
  3938     8001  3FFF               	dw	16383
  3939                           
  3940                           ;Config register IDLOC2 @ 0x8002
  3941                           ;	unspecified, using default values
  3942     8002                     	org	32770
  3943     8002  3FFF               	dw	16383
  3944                           
  3945                           ;Config register IDLOC3 @ 0x8003
  3946                           ;	unspecified, using default values
  3947     8003                     	org	32771
  3948     8003  3FFF               	dw	16383
  3949                           
  3950                           	psect	config
  3951                           
  3952                           ;Config register CONFIG1 @ 0x8007
  3953                           ;	
  3954                           ;	FOSC = INTOSC, INTOSC oscillator; I/O function on CLKIN pin
  3955                           ;	Watchdog Timer Enable
  3956                           ;	WDTE = ON, WDT enabled
  3957                           ;	Power-up Timer Enable
  3958                           ;	PWRTE = OFF, PWRT disabled
  3959                           ;	MCLR Pin Function Select
  3960                           ;	MCLRE = ON, MCLR/VPP pin function is MCLR
  3961                           ;	Flash Program Memory Code Protection
  3962                           ;	CP = OFF, Program memory code protection is disabled
  3963                           ;	Brown-out Reset Enable
  3964                           ;	BOREN = ON, Brown-out Reset enabled
  3965                           ;	Clock Out Enable
  3966                           ;	CLKOUTEN = OFF, CLKOUT function is disabled. I/O or oscillator function on the CLKOUT 
      +                          pin
  3967     8007                     	org	32775
  3968     8007  3FFC               	dw	16380
  3969                           
  3970                           ;Config register CONFIG2 @ 0x8008
  3971                           ;	Flash Memory Self-Write Protection
  3972                           ;	WRT = OFF, Write protection off
  3973                           ;	PLL Enable
  3974                           ;	PLLEN = OFF, 4x PLL disabled
  3975                           ;	Stack Overflow/Underflow Reset Enable
  3976                           ;	STVREN = ON, Stack Overflow or Underflow will cause a Reset
  3977                           ;	Brown-out Reset Voltage Selection
  3978                           ;	BORV = LO, Brown-out Reset Voltage (Vbor), low trip point selected.
  3979                           ;	Low Power Brown-out Reset enable bit
  3980                           ;	LPBOREN = OFF, LPBOR is disabled
  3981                           ;	In-Circuit Debugger Mode
  3982                           ;	DEBUG = 0x1, unprogrammed default
  3983                           ;	Low-Voltage Programming Enable
  3984                           ;	LVP = ON, Low-voltage programming enabled
  3985     8008                     	org	32776
  3986     8008  3EFF               	dw	16127

Data Sizes:
    Strings     0
    Constant    0
    Data        3
    BSS         12
    Persistent  41
    Stack       0

Auto Spaces:
    Space          Size  Autos    Used
    COMMON           14     14      14
    BANK0            80     15      39
    BANK1            80      0       0
    BANK2            80      0       0

Pointer List with Targets:

    ADC1_InterruptHandler	PTR FTN()void  size(2) Largest target is 1
		 -> Absolute function(), 

    SoftDelay_IsOneMinuteOver@startCount	PTR unsigned long  size(1) Largest target is 4
		 -> main@myTimer(BANK0[4]), 

    SoftDelay_Start@startTime	PTR unsigned long  size(1) Largest target is 4
		 -> main@myTimer(BANK0[4]), 

    EUSART_SetErrorHandler@interruptHandler	PTR FTN()void  size(2) Largest target is 1
		 -> EUSART_DefaultErrorHandler(), 

    EUSART_ErrorHandler	PTR FTN()void  size(2) Largest target is 1
		 -> Absolute function(), EUSART_DefaultErrorHandler(), 

    EUSART_SetOverrunErrorHandler@interruptHandler	PTR FTN()void  size(2) Largest target is 1
		 -> EUSART_DefaultOverrunErrorHandler(), 

    EUSART_OverrunErrorHandler	PTR FTN()void  size(2) Largest target is 1
		 -> Absolute function(), EUSART_DefaultOverrunErrorHandler(), 

    EUSART_SetFramingErrorHandler@interruptHandler	PTR FTN()void  size(2) Largest target is 1
		 -> EUSART_DefaultFramingErrorHandler(), 

    EUSART_FramingErrorHandler	PTR FTN()void  size(2) Largest target is 1
		 -> Absolute function(), EUSART_DefaultFramingErrorHandler(), 

    TMR0_SetInterruptHandler@InterruptHandler	PTR FTN()void  size(2) Largest target is 1
		 -> TMR0_DefaultInterruptHandler(), 

    TMR0_InterruptHandler	PTR FTN()void  size(2) Largest target is 1
		 -> Absolute function(), TMR0_DefaultInterruptHandler(), 


Critical Paths under _main in COMMON

    _main->_old_light_status
    _old_light_status->_ReadWrite_HEFlash
    _ReadWrite_HEFlash->_Read_FLASH
    _SoftDelay_Start->_get_TIMER0Status
    _SoftDelay_IsOneMinuteOver->_get_TIMER0Status
    _TMR0_Initialize->_TMR0_SetInterruptHandler
    _EUSART_Initialize->_EUSART_SetErrorHandler
    _EUSART_Initialize->_EUSART_SetFramingErrorHandler
    _EUSART_Initialize->_EUSART_SetOverrunErrorHandler

Critical Paths under _INTERRUPT_InterruptManager in COMMON

    None.

Critical Paths under _main in BANK0

    _main->_SoftDelay_IsOneMinuteOver

Critical Paths under _INTERRUPT_InterruptManager in BANK0

    None.

Critical Paths under _main in BANK1

    None.

Critical Paths under _INTERRUPT_InterruptManager in BANK1

    None.

Critical Paths under _main in BANK2

    None.

Critical Paths under _INTERRUPT_InterruptManager in BANK2

    None.

Call Graph Tables:

 ---------------------------------------------------------------------------------
 (Depth) Function   	        Calls       Base Space   Used Autos Params    Refs
 ---------------------------------------------------------------------------------
 (0) _main                                                10    10      0    2934
                                              5 BANK0     10    10      0
                 _ADC1_GetConversion
                  _ReadWrite_HEFlash
                  _SYSTEM_Initialize
          _SoftDelay_IsOneMinuteOver
                    _SoftDelay_Start
                   _old_light_status
 ---------------------------------------------------------------------------------
 (1) _old_light_status                                     3     3      0    1022
                                             11 COMMON     3     3      0
                  _ReadWrite_HEFlash
 ---------------------------------------------------------------------------------
 (2) _ReadWrite_HEFlash                                    9     6      3     977
                                              2 COMMON     9     6      3
                         _Read_FLASH
                       _Unlock_FLASH
                        _Write_FLASH
 ---------------------------------------------------------------------------------
 (3) _Write_FLASH                                          0     0      0       0
                       _Unlock_FLASH
 ---------------------------------------------------------------------------------
 (4) _Unlock_FLASH                                         0     0      0       0
 ---------------------------------------------------------------------------------
 (3) _Read_FLASH                                           2     0      2      98
                                              0 COMMON     2     0      2
 ---------------------------------------------------------------------------------
 (1) _SoftDelay_Start                                      1     1      0      55
                                              4 COMMON     1     1      0
                   _get_TIMER0Status
 ---------------------------------------------------------------------------------
 (1) _SoftDelay_IsOneMinuteOver                           13    13      0     122
                                              4 COMMON     8     8      0
                                              0 BANK0      5     5      0
                   _get_TIMER0Status
 ---------------------------------------------------------------------------------
 (2) _get_TIMER0Status                                     4     0      4       0
                                              0 COMMON     4     0      4
 ---------------------------------------------------------------------------------
 (1) _SYSTEM_Initialize                                    0     0      0     392
                    _ADC1_Initialize
                  _EUSART_Initialize
              _OSCILLATOR_Initialize
             _PIN_MANAGER_Initialize
                    _TMR0_Initialize
                     _WDT_Initialize
 ---------------------------------------------------------------------------------
 (2) _WDT_Initialize                                       0     0      0       0
 ---------------------------------------------------------------------------------
 (2) _TMR0_Initialize                                      0     0      0      98
           _TMR0_SetInterruptHandler
 ---------------------------------------------------------------------------------
 (3) _TMR0_SetInterruptHandler                             2     0      2      98
                                              0 COMMON     2     0      2
 ---------------------------------------------------------------------------------
 (2) _PIN_MANAGER_Initialize                               0     0      0       0
 ---------------------------------------------------------------------------------
 (2) _OSCILLATOR_Initialize                                0     0      0       0
 ---------------------------------------------------------------------------------
 (2) _EUSART_Initialize                                    0     0      0     294
             _EUSART_SetErrorHandler
      _EUSART_SetFramingErrorHandler
      _EUSART_SetOverrunErrorHandler
 ---------------------------------------------------------------------------------
 (3) _EUSART_SetOverrunErrorHandler                        2     0      2      98
                                              0 COMMON     2     0      2
 ---------------------------------------------------------------------------------
 (3) _EUSART_SetFramingErrorHandler                        2     0      2      98
                                              0 COMMON     2     0      2
 ---------------------------------------------------------------------------------
 (3) _EUSART_SetErrorHandler                               2     0      2      98
                                              0 COMMON     2     0      2
 ---------------------------------------------------------------------------------
 (2) _ADC1_Initialize                                      0     0      0       0
 ---------------------------------------------------------------------------------
 (1) _ADC1_GetConversion                                   4     2      2      22
                                              0 COMMON     4     2      2
 ---------------------------------------------------------------------------------
 Estimated maximum stack depth 4
 ---------------------------------------------------------------------------------
 (Depth) Function   	        Calls       Base Space   Used Autos Params    Refs
 ---------------------------------------------------------------------------------
 (5) _INTERRUPT_InterruptManager                           0     0      0       0
                           _TMR0_ISR
 ---------------------------------------------------------------------------------
 (6) _TMR0_ISR                                             0     0      0       0
 ---------------------------------------------------------------------------------
 Estimated maximum stack depth 6
 ---------------------------------------------------------------------------------

 Call Graph Graphs:

 _main (ROOT)
   _ADC1_GetConversion
   _ReadWrite_HEFlash
     _Read_FLASH
     _Unlock_FLASH
     _Write_FLASH
       _Unlock_FLASH
   _SYSTEM_Initialize
     _ADC1_Initialize
     _EUSART_Initialize
       _EUSART_SetErrorHandler
       _EUSART_SetFramingErrorHandler
       _EUSART_SetOverrunErrorHandler
     _OSCILLATOR_Initialize
     _PIN_MANAGER_Initialize
     _TMR0_Initialize
       _TMR0_SetInterruptHandler
     _WDT_Initialize
   _SoftDelay_IsOneMinuteOver
     _get_TIMER0Status
   _SoftDelay_Start
     _get_TIMER0Status
   _old_light_status
     _ReadWrite_HEFlash

 _INTERRUPT_InterruptManager (ROOT)
   _TMR0_ISR

 Address spaces:
Name               Size   Autos  Total    Cost      Usage
BIGRAM              F0      0       0       0        0.0%
NULL                 0      0       0       0        0.0%
CODE                 0      0       0       0        0.0%
BITCOMMON            E      0       0       1        0.0%
BITSFR0              0      0       0       1        0.0%
SFR0                 0      0       0       1        0.0%
COMMON               E      E       E       2      100.0%
BITSFR1              0      0       0       2        0.0%
SFR1                 0      0       0       2        0.0%
BITSFR2              0      0       0       3        0.0%
SFR2                 0      0       0       3        0.0%
STACK                0      0       0       3        0.0%
BITSFR3              0      0       0       4        0.0%
SFR3                 0      0       0       4        0.0%
ABS                  0      0      35       4        0.0%
BITBANK0            50      0       0       5        0.0%
BITSFR4              0      0       0       5        0.0%
SFR4                 0      0       0       5        0.0%
BANK0               50      F      27       6       48.8%
BITSFR5              0      0       0       6        0.0%
SFR5                 0      0       0       6        0.0%
BITBANK1            50      0       0       7        0.0%
BITSFR6              0      0       0       7        0.0%
SFR6                 0      0       0       7        0.0%
BANK1               50      0       0       8        0.0%
BITSFR7              0      0       0       8        0.0%
SFR7                 0      0       0       8        0.0%
BITBANK2            50      0       0       9        0.0%
BITSFR8              0      0       0       9        0.0%
SFR8                 0      0       0       9        0.0%
BANK2               50      0       0      10        0.0%
BITSFR9              0      0       0      10        0.0%
SFR9                 0      0       0      10        0.0%
BITSFR10             0      0       0      11        0.0%
SFR10                0      0       0      11        0.0%
DATA                 0      0      35      11        0.0%
BITSFR11             0      0       0      12        0.0%
SFR11                0      0       0      12        0.0%
BITSFR12             0      0       0      13        0.0%
SFR12                0      0       0      13        0.0%
BITSFR13             0      0       0      14        0.0%
SFR13                0      0       0      14        0.0%
BITSFR14             0      0       0      15        0.0%
SFR14                0      0       0      15        0.0%
BITSFR15             0      0       0      16        0.0%
SFR15                0      0       0      16        0.0%
BITSFR16             0      0       0      17        0.0%
SFR16                0      0       0      17        0.0%
BITSFR17             0      0       0      18        0.0%
SFR17                0      0       0      18        0.0%
BITSFR18             0      0       0      19        0.0%
SFR18                0      0       0      19        0.0%
BITSFR19             0      0       0      20        0.0%
SFR19                0      0       0      20        0.0%
BITSFR20             0      0       0      21        0.0%
SFR20                0      0       0      21        0.0%
BITSFR21             0      0       0      22        0.0%
SFR21                0      0       0      22        0.0%
BITSFR22             0      0       0      23        0.0%
SFR22                0      0       0      23        0.0%
BITSFR23             0      0       0      24        0.0%
SFR23                0      0       0      24        0.0%
BITSFR24             0      0       0      25        0.0%
SFR24                0      0       0      25        0.0%
BITSFR25             0      0       0      26        0.0%
SFR25                0      0       0      26        0.0%
BITSFR26             0      0       0      27        0.0%
SFR26                0      0       0      27        0.0%
BITSFR27             0      0       0      28        0.0%
SFR27                0      0       0      28        0.0%
BITSFR28             0      0       0      29        0.0%
SFR28                0      0       0      29        0.0%
BITSFR29             0      0       0      30        0.0%
SFR29                0      0       0      30        0.0%
BITSFR30             0      0       0      31        0.0%
SFR30                0      0       0      31        0.0%
BITSFR31             0      0       0      32        0.0%
SFR31                0      0       0      32        0.0%


Microchip Technology PIC Macro Assembler V2.40 build 20220703182018 
Symbol Table                                                                                   Fri Jul 18 13:45:45 2025

                                           l34 01F2                                             l19 027F  
                                           l37 01FA                                             l71 02A9  
                                           l65 0239                                             l68 028D  
                                           l92 0212                                             _RD 0CA8  
                                           _WR 0CA9                                _timer0ReloadVal 0043  
                   __end_of_ADC1_GetConversion 01FB                                            l117 0226  
                                          l233 029F                                            l129 0293  
                                          l330 0134                                            l236 0299  
                                          l341 025D                                            l350 0255  
                                          l239 02A5                                            l335 0154  
                                          l344 0261                                            l360 01BA  
                                          l353 0286                                            l362 01BE  
                                          l347 0250                                            l275 0083  
                                          l188 01E0                                            l372 0276  
                                          l284 00C2                                            l276 0085  
                                          l349 0254                                            l357 01AC  
                                          l359 01BD                                            l279 00A8  
                                          l376 019B                                            l369 0249  
                                          _GIE 005F                                            u300 0254  
                                          u301 0253                                            u310 0261  
                                          u311 0260                                            u320 00E6  
                                          u321 00E5                                            u330 00FF  
                                          u331 00FE                                            u340 0106  
                                          u420 01AC                                            u500 0083  
                                          u341 0105                                            u421 01AB  
                                          u501 0082                                            u430 018C  
                                          u350 011D                                            u510 0092  
                                          u431 018B                                            u351 011C  
                                          u511 0091                                            u360 0139  
                                          u520 00A8                                            u361 0138  
                                          u521 00A7                                            u370 013F  
                                          u530 00B1                                            u371 013E  
                                          u531 00B0                                            u380 014D  
                                          u540 00C2                                            u460 0046  
                                          u381 014C                                            u541 00C1  
                                          u461 0044                                            u390 01F6  
                                          u550 00CB                                            u470 0047  
                                          u391 01F5                                            u551 00CA  
                                          u480 0075                                            u481 0074  
                                          u490 007E                                            u491 007D  
                                          u567 0056                                            u577 0067  
                                          u587 00D9                                            u597 01B3  
               ?_EUSART_SetFramingErrorHandler 0070                                            wreg 0009  
                   ?_SoftDelay_IsOneMinuteOver 0070          SoftDelay_IsOneMinuteOver@currentCount 0020  
                                         l1200 024F                                           l1202 028E  
                                         l1210 0256                                           l1220 027B  
                                         l1204 029A                                           l1212 0280  
                                         l1300 0126                                           l1222 027C  
                                         l1206 0294                                           l1230 0200  
                                         l1214 0283                                           l1310 0148  
                                         l1302 0139                                           l1320 01E2  
                                         l1224 027D                                           l1216 0277  
                                         l1208 02A0                                           l1240 0287  
                                         l1232 0205                                           l1304 013F  
                                         l1312 014D                                           l1400 0049  
                                         l1322 01EC                                           l1218 027A  
                                         l1242 028A                                           l1234 0209  
                                         l1226 01FB                                           l1250 0218  
                                         l1306 0142                                           l1410 007E  
                                         l1402 0052                                           l1324 01ED  
                                         l1260 01BF                                           l1244 028B  
                                         l1236 020C                                           l1228 01FD  
                                         l1252 021B                                           l1332 0227  
                                         l1316 026D                                           l1308 0146  
                                         l1412 0088                                           l1420 009F  
                                         l1404 0063                                           l1326 01F0  
                                         l1270 01DE                                           l1262 01C8  
                                         l1238 020F                                           l1254 021D  
                                         l1246 02A6                                           l1350 019C  
                                         l1422 00AA                                           l1414 008C  
                                         l1430 00BD                                           l1406 006B  
                                         l1328 01F6                                           l1264 01C9  
                                         l1256 021E                                           l1248 0213  
                                         l1360 023B                                           l1272 00E1  
                                         l1352 01A7                                           l1432 00C4  
                                         l1424 00AC                                           l1440 00D5  
                                         l1416 0092                                           l1408 0075  
                                         l1266 01D0                                           l1258 021F  
                                         l1362 0157                                           l1290 0106  
                                         l1274 00E6                                           l1354 01AE  
                                         l1434 00C6                                           l1426 00B1  
                                         l1418 009C                                           l1268 01D7  
                                         l1372 019A                                           l1364 0163  
                                         l1292 010F                                           l1284 00F3  
                                         l1276 00EB                                           l1436 00CB  
                                         l1428 00BA                                           l1366 018C  
                                         l1198 024A                                           l1294 0113  
                                         l1286 00FA                                           l1278 00F1  
                                         l1390 0032                                           l1368 0198  
                                         l1296 011D                                           l1288 00FF  
                                         l1392 0034                                           l1298 0123  
                                         l1394 0034                                           l1396 0034  
                                         l1388 002F                                           l1398 003D  
                                         _LATA 010C                                           _TMR0 0015  
                                         _WREN 0CAA                                           _WPUA 020C  
                                  main@myTimer 002A                                           _main 002F  
                                         fsr1h 0007                                           fsr1l 0006  
                                         btemp 007E                                           start 0013  
                            ?_get_TIMER0Status 0070                              _last_saved_status 0046  
                           ??_get_TIMER0Status 0074                        __end_of_TMR0_Initialize 0227  
                                        PMDATH 0194                  __end_of_OSCILLATOR_Initialize 028E  
                                        ?_main 0070              old_light_status@V_light_status_on 007D  
                                        i1l114 026C                                          i1l145 0011  
                                        _PMADR 0191                                          _PMDAT 0193  
                                        _RCREG 0199                                          _RCSTA 019D  
                                        u44_20 000A                                          u44_21 0009  
                                        u45_20 000E                                          u45_21 000D  
                                        _TRISA 008C                                          _TXREG 019A  
                                        _TXSTA 019E                      ?_TMR0_SetInterruptHandler 0070  
                             __end_of_TMR0_ISR 026D              __end_of_SoftDelay_IsOneMinuteOver 019C  
                               _WDT_Initialize 02A6                                          status 0003  
                                        wtemp0 007E                                     _Read_FLASH 0256  
                              __initialization 0014                                   __end_of_main 00E0  
                  ?_INTERRUPT_InterruptManager 0070                                         ??_main 0025  
                       __end_of_WDT_Initialize 02AA              _EUSART_DefaultFramingErrorHandler 0000  
                                       _ADCON0 009D                                         _ADCON1 009E  
                                       _ADCON2 009F                     _EUSART_OverrunErrorHandler 003D  
                                       _ADRESH 009C                                         _ADRESL 009B  
                                       _APFCON 011D                                         _ANSELA 018C  
                                       _BORCON 0116                                         i1l1334 0262  
                                       i1l1336 026B                                         _ODCONA 028C  
                                       i1l1380 000A                                         i1l1382 000E  
                                       i1l1378 0006                                         _INLVLA 038C  
                                       _INTCON 000B                                         _PMDATH 0194  
                                       _PMCON1 0195                                         _PMCON2 0196  
                                       _OSCCON 0099                                         _SPBRGH 019C  
                                       _SPBRGL 019B                                         _WDTCON 0097  
          SoftDelay_IsOneMinuteOver@startCount 0024                               ?_TMR0_Initialize 0070  
                              ?_WDT_Initialize 0070       TMR0_SetInterruptHandler@InterruptHandler 0070  
                            _SYSTEM_Initialize 0227                            ReadWrite_HEFlash@rw 0079  
                      __end_of__initialization 002C                             ?_SYSTEM_Initialize 0070  
                                  ?_Read_FLASH 0070                                 __pcstackCOMMON 0070  
                                 __pidataBANK0 02AA                            ??_SYSTEM_Initialize 0072  
                                    ?_TMR0_ISR 0070                                 _OPTION_REGbits 0095  
              ??_EUSART_SetOverrunErrorHandler 0072                    ??_SoftDelay_IsOneMinuteOver 0074  
                    __end_of_SYSTEM_Initialize 023A                             _ADC1_GetConversion 01E1  
                                   __pbssBANK0 002F                       SoftDelay_Start@startTime 0074  
                          ?_ADC1_GetConversion 0070                                     __pmaintext 002F  
                                ??_Write_FLASH 0070               __end_of_TMR0_SetInterruptHandler 0294  
                                   ??_TMR0_ISR 0070                                     __pintentry 0004  
                                      _BAUDCON 019F                              Read_FLASH@address 0070  
                         ??_ADC1_GetConversion 0072                                        _OSCTUNE 0098  
                                      _SLRCONA 030C                              ??_ADC1_Initialize 0070  
                     ??_EUSART_SetErrorHandler 0072                                        _SaveInt 0039  
                    _SoftDelay_IsOneMinuteOver 0155                                        __ptext1 019C  
                                      __ptext2 00E0                                        __ptext3 0280  
                                      __ptext4 024A                                        __ptext5 0256  
                                      __ptext6 023A                                        __ptext7 0155  
                                      __ptext8 026D                                        __ptext9 0227  
                          __end_of_Write_FLASH 0287                          _OSCILLATOR_Initialize 0287  
                     ??_PIN_MANAGER_Initialize 0070                          _g_timer0OverflowCount 0033  
                         end_of_initialization 002C          __end_of_EUSART_SetOverrunErrorHandler 029A  
                _EUSART_SetOverrunErrorHandler 0294                              ??_SoftDelay_Start 0074  
                            _EUSART_Initialize 01BF                             ?_EUSART_Initialize 0070  
                                    _RCSTAbits 019D                          _ADC1_InterruptHandler 0037  
                             _old_light_status 019C                            ??_EUSART_Initialize 0072  
                             ??_WDT_Initialize 0070                       _TMR0_SetInterruptHandler 028E  
                            _ReadWrite_HEFlash 00E0                                      _TRISAbits 008C  
                                ?_Unlock_FLASH 0070                           ReadWrite_HEFlash@cnt 007A  
                           ?_ReadWrite_HEFlash 0072                      __end_of_EUSART_Initialize 01E1  
                          ??_ReadWrite_HEFlash 0075                                      _TXSTAbits 019E  
                                 ??_Read_FLASH 0072                      ADC1_GetConversion@channel 0073  
                                  _Write_FLASH 0280                     _EUSART_DefaultErrorHandler 0000  
                       ?_OSCILLATOR_Initialize 0070                      __end_of_ReadWrite_HEFlash 0155  
                             _get_TIMER0Status 026D                                 ??_Unlock_FLASH 0070  
                          start_initialization 0014                  ReadWrite_HEFlash@rowstartaddr 0073  
                           __end_of_Read_FLASH 0262                 ?_EUSART_SetOverrunErrorHandler 0070  
                   _EUSART_FramingErrorHandler 003F                         _EUSART_SetErrorHandler 02A0  
                                  __pdataBANK0 0044                                _ADC1_Initialize 0277  
                                    ___latbits 0000                                  __pcstackBANK0 0020  
                        _TMR0_InterruptHandler 0041                                      __pnvBANK0 003B  
                       _PIN_MANAGER_Initialize 01FB                   ??_INTERRUPT_InterruptManager 0070  
                            main@V_LightStatus 002E                                _SoftDelay_Start 023A  
                     __end_of_old_light_status 01BF                              ??_TMR0_Initialize 0072  
                                     _LATAbits 010C         EUSART_SetErrorHandler@interruptHandler 0070  
                            _eusartRxLastError 003A                     ??_TMR0_SetInterruptHandler 0072  
                      __end_of_ADC1_Initialize 0280                           __end_of_Unlock_FLASH 0256  
                                     _PIR1bits 0011                ??_EUSART_SetFramingErrorHandler 0072  
                                     _TMR0_ISR 0262              _EUSART_DefaultOverrunErrorHandler 0000  
                                   _ADCON0bits 009D                       __end_of_get_TIMER0Status 0277  
                                 ?_Write_FLASH 0070                        ??_OSCILLATOR_Initialize 0070  
                          _EUSART_ErrorHandler 003B                       _time_EEPROM_WRITE_Period 002F  
                      __end_of_SoftDelay_Start 024A                                       __ptext10 02A6  
                                     __ptext11 0213                                       __ptext20 01E1  
                                     __ptext12 028E                                       __ptext13 01FB  
                                     __ptext22 0262                                       __ptext14 0287  
                                     __ptext15 01BF                                       __ptext16 0294  
                                     __ptext17 029A                                       __ptext18 02A0  
                                     __ptext19 0277                   _TMR0_DefaultInterruptHandler 0000  
                      ?_EUSART_SetErrorHandler 0070                               ?_ADC1_Initialize 0070  
EUSART_SetOverrunErrorHandler@interruptHandler 0070                                       int$flags 007E  
           __end_of_INTERRUPT_InterruptManager 0013                     _INTERRUPT_InterruptManager 0004  
                                     main@ldr1 0026                                       main@ldr2 0028  
        __end_of_EUSART_SetFramingErrorHandler 02A0                  _EUSART_SetFramingErrorHandler 029A  
                                   _INTCONbits 000B                                       intlevel1 0000  
                      _time_EEPROM_WRITE_count 0044                        ?_PIN_MANAGER_Initialize 0070  
               __end_of_EUSART_SetErrorHandler 02A6  EUSART_SetFramingErrorHandler@interruptHandler 0070  
                             ?_SoftDelay_Start 0070                                     _OPTION_REG 0095  
                              _TMR0_Initialize 0213                                   _Unlock_FLASH 024A  
               __end_of_PIN_MANAGER_Initialize 0213                              ?_old_light_status 0070  
                           ??_old_light_status 007B                          ReadWrite_HEFlash@addr 0077  
                        ReadWrite_HEFlash@data 0072  
